match_id,ally_champs,enemy_champs,win
NA1_5211951036,"['Taliyah', 'Teemo', 'KogMaw', 'MissFortune', 'Riven']","['Varus', 'Irelia', 'Smolder', 'Poppy', 'Khazix']",0.0
NA1_5211871808,"['KogMaw', 'Riven', 'Sivir', 'Garen', 'MissFortune']","['Caitlyn', 'Tristana', 'Poppy', 'Zyra', 'Volibear']",0.0
NA1_5211851106,"['KogMaw', 'Riven', 'Pantheon', 'Garen', 'MissFortune']","['Tristana', 'Rumble', 'Yorick', 'Zyra', 'Lillia']",0.0
NA1_5211841978,"['KogMaw', 'MissFortune', 'Jinx', 'Riven', 'Taliyah']","['Varus', 'Malphite', 'Rumble', 'Blitzcrank', 'Zyra']",0.0
NA1_5211830735,"['KogMaw', 'MissFortune', 'Jinx', 'Garen', 'Riven']","['Varus', 'Rumble', 'Smolder', 'Braum', 'Volibear']",0.0
NA1_5211774784,"['Jinx', 'MissFortune', 'Riven', 'Xerath', 'KogMaw']","['Sivir', 'Ekko', 'Cassiopeia', 'Zyra', 'Lillia']",0.0
NA1_5211762554,"['Smolder', 'Jinx', 'Riven', 'MissFortune', 'KogMaw']","['MissFortune', 'Ekko', 'Kennen', 'Galio', 'Hecarim']",0.0
NA1_5211756812,"['MissFortune', 'Riven', 'Brand', 'Darius', 'Malphite']","['Veigar', 'Ziggs', 'Vayne', 'Zyra', 'Sejuani']",1.0
NA1_5211744454,"['MasterYi', 'Teemo', 'Riven', 'MissFortune', 'KogMaw']","['Varus', 'Lux', 'Kennen', 'Ziggs', 'Zyra']",1.0
NA1_5211733707,"['KogMaw', 'MissFortune', 'Ashe', 'Tristana', 'Riven']","['Veigar', 'Galio', 'Cassiopeia', 'Zyra', 'Nocturne']",1.0
NA1_5211729923,"['Xerath', 'Vex', 'Jinx', 'Riven', 'KogMaw']","['Varus', 'Galio', 'Rumble', 'Zyra', 'Vi']",0.0
NA1_5211659571,"['Jinx', 'Riven', 'Garen', 'MissFortune', 'KogMaw']","['Varus', 'Tristana', 'Garen', 'Veigar', 'Warwick']",0.0
NA1_5211638915,"['KogMaw', 'Jinx', 'Riven', 'MissFortune', 'Garen']","['Ziggs', 'Lux', 'Nasus', 'Annie', 'Ekko']",0.0
NA1_5211590396,"['Lucian', 'Riven', 'Garen', 'KogMaw', 'MissFortune']","['Caitlyn', 'Malphite', 'Darius', 'Veigar', 'Zyra']",1.0
NA1_5211580161,"['Jinx', 'Riven', 'MissFortune', 'KogMaw', 'Garen']","['Varus', 'Galio', 'Kennen', 'Veigar', 'Zyra']",0.0
NA1_5211503354,"['MissFortune', 'Jinx', 'KogMaw', 'Riven', 'Lucian']","['Ashe', 'Galio', 'Yorick', 'Ziggs', 'Zyra']",0.0
NA1_5211485611,"['MissFortune', 'Jinx', 'Lucian', 'Riven', 'KogMaw']","['Tristana', 'Rumble', 'Kennen', 'Leona', 'Zyra']",0.0
NA1_5211459271,"['Ashe', 'Syndra', 'Riven', 'KogMaw', 'MissFortune']","['Smolder', 'Chogath', 'Garen', 'Zyra', 'Lillia']",1.0
NA1_5211440646,"['MissFortune', 'Lucian', 'Jinx', 'Riven', 'KogMaw']","['MissFortune', 'Tristana', 'Smolder', 'Sona', 'Rumble']",0.0
NA1_5210910483,"['KogMaw', 'Jinx', 'Riven', 'MissFortune', 'Ashe']","['Sivir', 'Lissandra', 'Kennen', 'Renata', 'Lillia']",0.0
NA1_5210905651,"['Riven', 'MissFortune', 'Lucian', 'KogMaw', 'Jinx']","['Varus', 'Kassadin', 'Smolder', 'Soraka', 'Zyra']",0.0
NA1_5210898161,"['Sivir', 'Garen', 'Riven', 'KogMaw', 'MissFortune']","['Sivir', 'Chogath', 'Rumble', 'Poppy', 'Sejuani']",0.0
NA1_5210860991,"['Sion', 'MissFortune', 'Varus', 'Katarina', 'Smolder']","['Ezreal', 'Chogath', 'Yorick', 'Galio', 'Rumble']",0.0
NA1_5210846711,"['Sion', 'Varus', 'Katarina', 'Smolder', 'MissFortune']","['Ezreal', 'Tristana', 'Rumble', 'Annie', 'Zyra']",0.0
NA1_5210791113,"['Tryndamere', 'Sion', 'MissFortune', 'Katarina', 'Garen']","['Varus', 'Smolder', 'Rumble', 'Nautilus', 'Hecarim']",1.0
NA1_5210169090,"['Katarina', 'Warwick', 'Tristana', 'Evelynn', 'Sion']","['Tristana', 'Malphite', 'Smolder', 'Alistar', 'Warwick']",1.0
NA1_5210160818,"['Sion', 'Sivir', 'Smolder', 'Katarina', 'MissFortune']","['Lucian', 'Tristana', 'Yorick', 'Malphite', 'Zyra']",0.0
NA1_5206000083,"['Corki', 'Smolder', 'Varus', 'MissFortune', 'Kayle']","['Tristana', 'Veigar', 'Irelia', 'Alistar', 'Lillia']",0.0
NA1_5205991838,"['Smolder', 'MissFortune', 'Varus', 'Kayle', 'Corki']","['Tristana', 'Annie', 'Nasus', 'Sona', 'Zyra']",0.0
NA1_5205982815,"['Smolder', 'Varus', 'MissFortune', 'Corki', 'Kayle']","['Varus', 'Tristana', 'Cassiopeia', 'Blitzcrank', 'Amumu']",0.0
NA1_5205973867,"['Kayle', 'MissFortune', 'Smolder', 'Varus', 'Heimerdinger']","['Ziggs', 'Chogath', 'Vayne', 'Braum', 'Khazix']",0.0
NA1_5205965772,"['MissFortune', 'Kayle', 'Smolder', 'Varus', 'Corki']","['Veigar', 'Ziggs', 'Vayne', 'Zyra', 'Nocturne']",0.0
NA1_5205954607,"['Corki', 'Varus', 'Kayle', 'Smolder', 'MissFortune']","['Vayne', 'Lux', 'Garen', 'Galio', 'Lillia']",0.0
NA1_5236933555,"['TahmKench', 'Graves', 'Kalista', 'MissFortune', 'Kaisa']","['Kaisa', 'Kassadin', 'Nasus', 'Lux', 'Rumble']",0.0
NA1_5236909785,"['Kalista', 'Kaisa', 'Cassiopeia', 'MissFortune', 'Graves']","['Sivir', 'Ahri', 'MonkeyKing', 'Lulu', 'Yorick']",0.0
NA1_5236886222,"['MissFortune', 'Trundle', 'Cassiopeia', 'Graves', 'Kaisa']","['Smolder', 'Ziggs', 'Nasus', 'Soraka', 'Khazix']",1.0
NA1_5236861512,"['Kaisa', 'MissFortune', 'Jhin', 'Graves', 'Garen']","['Vayne', 'Ziggs', 'Smolder', 'Alistar', 'Yorick']",1.0
NA1_5236840844,"['Kennen', 'Kaisa', 'Kalista', 'Graves', 'MissFortune']","['Ziggs', 'Chogath', 'Kennen', 'Rakan', 'Khazix']",0.0
NA1_5236797387,"['MissFortune', 'Kalista', 'Aatrox', 'Kaisa', 'Garen']","['Ezreal', 'Chogath', 'MonkeyKing', 'Poppy', 'Hecarim']",0.0
NA1_5236751116,"['Cassiopeia', 'Garen', 'Kalista', 'Kaisa', 'MissFortune']","['Smolder', 'Malphite', 'Warwick', 'Taric', 'Hecarim']",0.0
NA1_5236729374,"['Kalista', 'Pantheon', 'Sona', 'Kaisa', 'MissFortune']","['Lucian', 'Annie', 'Poppy', 'Leona', 'Hecarim']",0.0
NA1_5236715928,"['Graves', 'Kaisa', 'Garen', 'Kalista', 'MissFortune']","['MissFortune', 'Rumble', 'Cassiopeia', 'Sona', 'Warwick']",0.0
NA1_5236667469,"['Garen', 'Kaisa', 'Sivir', 'Cassiopeia', 'MissFortune']","['Varus', 'Smolder', 'Rumble', 'Malphite', 'Ekko']",1.0
NA1_5236655934,"['Jayce', 'Kalista', 'MissFortune', 'Garen', 'Kaisa']","['Kaisa', 'Ahri', 'Yorick', 'Renata', 'Sejuani']",0.0
NA1_5236642308,"['Graves', 'Kaisa', 'MissFortune', 'Kalista', 'Cassiopeia']","['Tristana', 'Annie', 'Sett', 'Alistar', 'Yorick']",0.0
NA1_5236632400,"['Kalista', 'Kaisa', 'Graves', 'MissFortune', 'Jayce']","['Varus', 'Ziggs', 'Irelia', 'Zyra', 'Volibear']",0.0
NA1_5236617584,"['MissFortune', 'Kaisa', 'Jinx', 'Kalista', 'Graves']","['Lucian', 'TwistedFate', 'Yorick', 'Leona', 'Volibear']",0.0
NA1_5236610121,"['Graves', 'Jayce', 'Kalista', 'Kaisa', 'MissFortune']","['MissFortune', 'Irelia', 'Cassiopeia', 'Braum', 'Vi']",0.0
NA1_5236596045,"['Kalista', 'Kaisa', 'Graves', 'Garen', 'MissFortune']","['Caitlyn', 'Ziggs', 'Malphite', 'Annie', 'Hecarim']",0.0
NA1_5236563690,"['Kaisa', 'Graves', 'Jayce', 'MissFortune', 'Kalista']","['Ezreal', 'TwistedFate', 'Cassiopeia', 'Annie', 'Shyvana']",0.0
NA1_5236545420,"['MissFortune', 'Kalista', 'Orianna', 'Kaisa', 'Jayce']","['Varus', 'Ahri', 'MonkeyKing', 'Blitzcrank', 'Sejuani']",0.0
NA1_5236539324,"['Cassiopeia', 'MissFortune', 'Graves', 'Aurora', 'Kaisa']","['Ziggs', 'Ekko', 'Malphite', 'Sona', 'MonkeyKing']",0.0
NA1_5236524654,"['Orianna', 'Kaisa', 'Kennen', 'MissFortune', 'Cassiopeia']","['Ashe', 'Annie', 'MonkeyKing', 'Lux', 'Volibear']",0.0
NA1_5235889071,"['MissFortune', 'Mordekaiser', 'Zeri', 'Kaisa', 'Ekko']","['MissFortune', 'Lissandra', 'Vayne', 'Lulu', 'XinZhao']",0.0
NA1_5235278004,"['Smolder', 'MissFortune', 'Mordekaiser', 'Vayne', 'Kaisa']","['Varus', 'Kennen', 'Mordekaiser', 'Taric', 'Khazix']",0.0
NA1_5234695046,"['Volibear', 'MissFortune', 'Smolder', 'Kaisa', 'Vayne']","['Sivir', 'Tristana', 'Nasus', 'Lulu', 'XinZhao']",0.0
NA1_5234218999,"['MissFortune', 'Kaisa', 'Vayne', 'Smolder', 'Cassiopeia']","['Ashe', 'Galio', 'Cassiopeia', 'Annie', 'Amumu']",0.0
NA1_5233461141,"['Caitlyn', 'Vayne', 'Bard', 'Kaisa', 'MissFortune']","['Smolder', 'TwistedFate', 'Chogath', 'Sona', 'Volibear']",1.0
NA1_5232929068,"['Darius', 'Smolder', 'MissFortune', 'Aatrox', 'Kaisa']","['Kaisa', 'Smolder', 'Mordekaiser', 'Veigar', 'MasterYi']",1.0
NA1_5232865088,"['Kaisa', 'Elise', 'MissFortune', 'Smolder', 'Graves']","['Sivir', 'Chogath', 'Kennen', 'Ziggs', 'Volibear']",0.0
NA1_5232287807,"['Mel', 'Smolder', 'MissFortune', 'Lillia', 'Kaisa']","['Varus', 'Ekko', 'Warwick', 'Leona', 'Vi']",1.0
NA1_5231565395,"['Smolder', 'MissFortune', 'Vayne', 'Mordekaiser', 'Kaisa']","['Kaisa', 'Annie', 'Nasus', 'Taric', 'Ekko']",0.0
NA1_5230742190,"['Neeko', 'Akshan', 'MissFortune', 'Aphelios', 'Heimerdinger']","['Veigar', 'Annie', 'Yorick', 'Ziggs', 'Nocturne']",0.0
NA1_5229994602,"['Jinx', 'MissFortune', 'Ashe', 'Akshan', 'Caitlyn']","['Ashe', 'Ziggs', 'Kennen', 'Renata', 'Sejuani']",1.0
NA1_5229969289,"['MissFortune', 'Neeko', 'Aphelios', 'Karma', 'Akshan']","['Ezreal', 'Veigar', 'Cassiopeia', 'Ziggs', 'Poppy']",0.0
NA1_5229326709,"['Karma', 'Aurora', 'Garen', 'MissFortune', 'Aphelios']","['Ashe', 'Ekko', 'Cassiopeia', 'Seraphine', 'Nocturne']",1.0
NA1_5229298985,"['MissFortune', 'Akshan', 'Khazix', 'Aphelios', 'Garen']","['Kaisa', 'Rumble', 'Mordekaiser', 'Zyra', 'Lillia']",1.0
NA1_5228298852,"['Akshan', 'Bard', 'Rell', 'Aphelios', 'MissFortune']","['Varus', 'Galio', 'Volibear', 'Malphite', 'Hecarim']",0.0
NA1_5227790670,"['MissFortune', 'Gnar', 'Aphelios', 'Jayce', 'Neeko']","['Varus', 'Malphite', 'Sett', 'Taric', 'Ekko']",0.0
NA1_5227705185,"['Mordekaiser', 'Aphelios', 'Akshan', 'MissFortune', 'Neeko']","['MissFortune', 'Kennen', 'Nasus', 'Braum', 'Warwick']",0.0
NA1_5227159547,"['Jayce', 'Garen', 'Aphelios', 'MissFortune', 'Rell']","['Varus', 'Veigar', 'Yorick', 'Soraka', 'Hecarim']",0.0
NA1_5226528095,"['Aurora', 'Akshan', 'Neeko', 'Garen', 'MissFortune']","['Ziggs', 'Kennen', 'Yorick', 'Seraphine', 'Sejuani']",0.0
NA1_5225820834,"['MissFortune', 'LeeSin', 'Neeko', 'Cassiopeia', 'Akshan']","['Veigar', 'Irelia', 'Vayne', 'Braum', 'Vi']",0.0
NA1_5225796187,"['Cassiopeia', 'Tristana', 'MissFortune', 'KSante', 'Zilean']","['MissFortune', 'Chogath', 'Malphite', 'Braum', 'Shyvana']",0.0
NA1_5225761192,"['Graves', 'MissFortune', 'Sett', 'Akshan', 'Mel']","['Sivir', 'Ahri', 'Malphite', 'Lulu', 'MonkeyKing']",1.0
NA1_5225694144,"['Garen', 'Akshan', 'Aphelios', 'Graves', 'MissFortune']","['Varus', 'Lissandra', 'MonkeyKing', 'Lux', 'Rumble']",1.0
NA1_5225600928,"['Graves', 'Neeko', 'Akshan', 'MissFortune', 'Tristana']","['Varus', 'Lissandra', 'MonkeyKing', 'Leona', 'Rumble']",0.0
NA1_5225461771,"['Cassiopeia', 'Akshan', 'MissFortune', 'Tristana', 'Neeko']","['Veigar', 'Cassiopeia', 'Irelia', 'Lux', 'Ekko']",0.0
NA1_5225356017,"['Tristana', 'MissFortune', 'Graves', 'Neeko', 'Akshan']","['Smolder', 'TwistedFate', 'Rumble', 'Lulu', 'Yorick']",0.0
NA1_5225298210,"['Akshan', 'Blitzcrank', 'MissFortune', 'Cassiopeia', 'Garen']","['Varus', 'Annie', 'Yorick', 'Milio', 'Ekko']",0.0
NA1_5225271142,"['AurelionSol', 'MissFortune', 'Garen', 'Akshan', 'Cassiopeia']","['Lucian', 'Annie', 'Mordekaiser', 'Veigar', 'Khazix']",0.0
NA1_5225209693,"['Caitlyn', 'Akshan', 'MissFortune', 'Camille', 'Neeko']","['Sivir', 'Annie', 'Garen', 'Milio', 'Khazix']",0.0
NA1_5225144742,"['Akshan', 'MissFortune', 'Teemo', 'Mel', 'Graves']","['Ziggs', 'Kennen', 'MonkeyKing', 'Annie', 'Yorick']",0.0
NA1_5225106980,"['Cassiopeia', 'Garen', 'MissFortune', 'Akshan', 'Neeko']","['Vayne', 'Ziggs', 'Yorick', 'Alistar', 'MasterYi']",0.0
NA1_5225091424,"['MissFortune', 'Akshan', 'Garen', 'Tristana', 'Neeko']","['Kaisa', 'Kennen', 'Chogath', 'Soraka', 'Khazix']",0.0
NA1_5225072350,"['Garen', 'Tristana', 'Akshan', 'MissFortune', 'Neeko']","['Ashe', 'Malphite', 'Yorick', 'Veigar', 'MasterYi']",0.0
NA1_5225061231,"['Neeko', 'Akshan', 'Cassiopeia', 'MissFortune', 'Tristana']","['Sivir', 'Ziggs', 'Darius', 'Milio', 'Warwick']",0.0
NA1_5225047166,"['Cassiopeia', 'MissFortune', 'Neeko', 'Tristana', 'Akshan']","['Vayne', 'Malphite', 'Warwick', 'Leona', 'Sejuani']",0.0
NA1_5225042103,"['MissFortune', 'Garen', 'Akshan', 'Tristana', 'Neeko']","['Sivir', 'Galio', 'Garen', 'Rakan', 'Hecarim']",0.0
NA1_5225016076,"['Akshan', 'Neeko', 'MissFortune', 'Graves', 'Tristana']","['Veigar', 'Kassadin', 'Irelia', 'Soraka', 'Vi']",0.0
NA1_5225008643,"['Cassiopeia', 'Akshan', 'KSante', 'Zeri', 'MissFortune']","['Lucian', 'Kassadin', 'Poppy', 'Braum', 'Yorick']",0.0
NA1_5225004663,"['MissFortune', 'Neeko', 'Tristana', 'Graves', 'Akshan']","['Lucian', 'Rumble', 'Irelia', 'Braum', 'Poppy']",0.0
NA1_5225002747,"['Neeko', 'MissFortune', 'Akshan', 'Tristana', 'Yone']","['Ashe', 'Veigar', 'Warwick', 'Ziggs', 'Yorick']",1.0
NA1_5224997082,"['Neeko', 'Akshan', 'Mordekaiser', 'Cassiopeia', 'MissFortune']","['MissFortune', 'Lux', 'Kennen', 'Zyra', 'Nocturne']",0.0
NA1_5224985675,"['Neeko', 'Akshan', 'MissFortune', 'Tristana', 'Ashe']","['Tristana', 'Ekko', 'Malphite', 'Zyra', 'MonkeyKing']",0.0
NA1_5224983017,"['Neeko', 'Akshan', 'Graves', 'Tristana', 'MissFortune']","['Sivir', 'Ahri', 'Darius', 'Malphite', 'Yorick']",0.0
NA1_5224938880,"['MissFortune', 'Akshan', 'Neeko', 'Garen', 'Cassiopeia']","['Ziggs', 'Chogath', 'Yorick', 'Rakan', 'Zyra']",0.0
NA1_5224890124,"['Graves', 'Akshan', 'Karma', 'MissFortune', 'Tristana']","['Ziggs', 'Malphite', 'Mordekaiser', 'Leona', 'Rumble']",0.0
NA1_5224866469,"['Garen', 'Cassiopeia', 'Neeko', 'MissFortune', 'Akshan']","['Tristana', 'Irelia', 'Urgot', 'Zyra', 'Hecarim']",0.0
NA1_5224732057,"['Neeko', 'Cassiopeia', 'Caitlyn', 'MissFortune', 'Akshan']","['Caitlyn', 'Kennen', 'Darius', 'Annie', 'Nocturne']",0.0
NA1_5224699004,"['MissFortune', 'Tristana', 'Garen', 'Akshan', 'Graves']","['Sivir', 'Cassiopeia', 'Warwick', 'Annie', 'MonkeyKing']",0.0
NA1_5224664455,"['Tristana', 'Neeko', 'Akshan', 'MissFortune', 'Zilean']","['Vayne', 'Kennen', 'Poppy', 'Renata', 'Sejuani']",0.0
NA1_5224638174,"['Heimerdinger', 'Neeko', 'Akshan', 'Warwick', 'MissFortune']","['Ezreal', 'Kennen', 'Cassiopeia', 'Lulu', 'Rumble']",0.0
NA1_5224611866,"['MissFortune', 'Caitlyn', 'Sivir', 'Neeko', 'Garen']","['Varus', 'Cassiopeia', 'Urgot', 'Lux', 'Nasus']",1.0
NA1_5224587236,"['Garen', 'Akshan', 'MissFortune', 'Caitlyn', 'Pyke']","['Tristana', 'Chogath', 'Rumble', 'Zyra', 'Ekko']",1.0
NA1_5224544613,"['Akshan', 'MissFortune', 'Neeko', 'Mel', 'Brand']","['Varus', 'Kassadin', 'Rumble', 'Lux', 'Lillia']",0.0
NA1_5224526734,"['Cassiopeia', 'Akshan', 'MissFortune', 'Caitlyn', 'Teemo']","['Tristana', 'Cassiopeia', 'Mordekaiser', 'Milio', 'Sejuani']",0.0
NA1_5224456784,"['Neeko', 'Garen', 'MissFortune', 'Aurora', 'Akshan']","['Varus', 'Smolder', 'Sett', 'Alistar', 'Hecarim']",0.0
NA1_5224358084,"['Akshan', 'MasterYi', 'MissFortune', 'Garen', 'Cassiopeia']","['MissFortune', 'TwistedFate', 'Poppy', 'Annie', 'Yorick']",0.0
NA1_5224324825,"['Akshan', 'Ashe', 'Neeko', 'Graves', 'MissFortune']","['Vayne', 'Lissandra', 'Cassiopeia', 'Ziggs', 'Poppy']",0.0
NA1_5224292007,"['Neeko', 'Akshan', 'Tristana', 'MissFortune', 'Garen']","['Veigar', 'Irelia', 'Poppy', 'Lux', 'Vi']",0.0
NA1_5224269580,"['MissFortune', 'Fiora', 'Tristana', 'Neeko', 'Akshan']","['Sivir', 'Chogath', 'Kennen', 'Rakan', 'Hecarim']",0.0
NA1_5224216577,"['MissFortune', 'Mel', 'Akshan', 'Neeko', 'Tristana']","['Varus', 'Smolder', 'Warwick', 'Poppy', 'Khazix']",0.0
NA1_5223619942,"['Garen', 'Akshan', 'Cassiopeia', 'Neeko', 'MissFortune']","['MissFortune', 'Kassadin', 'Kennen', 'Malphite', 'Lillia']",0.0
NA1_5212875634,"['Volibear', 'Garen', 'Riven', 'MissFortune', 'KogMaw']","['Caitlyn', 'Irelia', 'Smolder', 'Nautilus', 'Sejuani']",1.0
NA1_5212848501,"['Jinx', 'KogMaw', 'Ziggs', 'Riven', 'Syndra']","['Veigar', 'Lux', 'Vayne', 'Annie', 'Zyra']",0.0
NA1_5212748831,"['Xerath', 'Jinx', 'Mordekaiser', 'Riven', 'KogMaw']","['Ezreal', 'Lux', 'Cassiopeia', 'Ziggs', 'Lillia']",0.0
NA1_5212643114,"['MissFortune', 'Riven', 'Jinx', 'Taliyah', 'KogMaw']","['Veigar', 'Chogath', 'Vayne', 'Alistar', 'Nocturne']",0.0
NA1_5212621331,"['Garen', 'Riven', 'KogMaw', 'MissFortune', 'Jinx']","['Veigar', 'Galio', 'Kennen', 'Ziggs', 'Volibear']",0.0
NA1_5212602227,"['KogMaw', 'Xerath', 'Jinx', 'Riven', 'XinZhao']","['Varus', 'Lux', 'Poppy', 'Soraka', 'Hecarim']",1.0
NA1_5212591891,"['Jinx', 'Riven', 'KogMaw', 'Lucian', 'MissFortune']","['Varus', 'Lux', 'Malphite', 'Nautilus', 'Zyra']",0.0
NA1_5212491205,"['MissFortune', 'Pantheon', 'KogMaw', 'Riven', 'Garen']","['Ezreal', 'Lux', 'Chogath', 'Annie', 'Hecarim']",0.0
NA1_5212481060,"['KogMaw', 'Riven', 'Jinx', 'MissFortune', 'Lucian']","['Veigar', 'Tristana', 'Smolder', 'Nautilus', 'Zyra']",0.0
NA1_5212468626,"['Taliyah', 'Lucian', 'Veigar', 'Riven', 'KogMaw']","['Smolder', 'Ekko', 'Vayne', 'Renata', 'Hecarim']",0.0
NA1_5212459669,"['KogMaw', 'MissFortune', 'Riven', 'Jinx', 'Garen']","['Vayne', 'Kassadin', 'Urgot', 'Galio', 'Lillia']",0.0
NA1_5212452215,"['Jinx', 'Riven', 'KogMaw', 'Corki', 'MissFortune']","['Varus', 'Ekko', 'Garen', 'Blitzcrank', 'Khazix']",0.0
NA1_5212407630,"['Yuumi', 'Riven', 'Caitlyn', 'KogMaw', 'MissFortune']","['Ziggs', 'TwistedFate', 'Cassiopeia', 'Blitzcrank', 'Amumu']",0.0
NA1_5212402903,"['KogMaw', 'Riven', 'MissFortune', 'Lucian', 'Jinx']","['Ezreal', 'Irelia', 'Smolder', 'Ziggs', 'Khazix']",0.0
NA1_5212129413,"['Riven', 'MissFortune', 'Sivir', 'KogMaw', 'Garen']","['Veigar', 'Irelia', 'Rumble', 'Annie', 'Lillia']",1.0
NA1_5212109321,"['Warwick', 'Jinx', 'Riven', 'MissFortune', 'KogMaw']","['Caitlyn', 'Cassiopeia', 'Rumble', 'Annie', 'Zyra']",0.0
NA1_5212085578,"['Taliyah', 'Xerath', 'Jinx', 'Lucian', 'KogMaw']","['Veigar', 'Irelia', 'MonkeyKing', 'Annie', 'Rumble']",0.0
NA1_5212069410,"['Riven', 'MissFortune', 'Caitlyn', 'Vi', 'KogMaw']","['Tristana', 'Galio', 'Vayne', 'Zyra', 'Khazix']",1.0
NA1_5241159063,"['Graves', 'MissFortune', 'Draven', 'Nilah', 'Kaisa']","['Ezreal', 'Chogath', 'Darius', 'Nautilus', 'Nasus']",0.0
NA1_5241137641,"['MissFortune', 'Draven', 'Graves', 'Nilah', 'Kaisa']","['Sivir', 'Veigar', 'Sett', 'Lulu', 'Nocturne']",0.0
NA1_5241120155,"['Kaisa', 'Graves', 'Nilah', 'MissFortune', 'Draven']","['Vayne', 'Ahri', 'Kennen', 'Seraphine', 'Nocturne']",0.0
NA1_5241064191,"['Senna', 'Kaisa', 'Caitlyn', 'Draven', 'MissFortune']","['Kaisa', 'Kassadin', 'Kennen', 'Soraka', 'XinZhao']",1.0
NA1_5241048787,"['Draven', 'Garen', 'MissFortune', 'Graves', 'Kaisa']","['Vayne', 'Galio', 'Yorick', 'Braum', 'Rumble']",0.0
NA1_5241025025,"['Kaisa', 'Tristana', 'Draven', 'Ziggs', 'MissFortune']","['Ashe', 'Cassiopeia', 'Warwick', 'Seraphine', 'Sejuani']",0.0
NA1_5241006282,"['Ashe', 'MissFortune', 'Kaisa', 'Kassadin', 'Tristana']","['MissFortune', 'Ekko', 'Vayne', 'Braum', 'Sejuani']",0.0
NA1_5240992330,"['Kaisa', 'Draven', 'Graves', 'Teemo', 'MissFortune']","['Vayne', 'Tristana', 'Yorick', 'Annie', 'Warwick']",0.0
NA1_5240980836,"['Graves', 'MissFortune', 'Kaisa', 'Cassiopeia', 'Draven']","['Caitlyn', 'Ekko', 'Kennen', 'Blitzcrank', 'Vi']",0.0
NA1_5240959545,"['Zeri', 'MissFortune', 'Kaisa', 'Sivir', 'Garen']","['Ziggs', 'Chogath', 'Warwick', 'Annie', 'XinZhao']",1.0
NA1_5240944358,"['Jinx', 'Ziggs', 'Garen', 'MissFortune', 'Sivir']","['Smolder', 'Kassadin', 'Poppy', 'Lulu', 'Shyvana']",1.0
NA1_5240930523,"['Ashe', 'Graves', 'MissFortune', 'Draven', 'Kaisa']","['Ezreal', 'Ziggs', 'Smolder', 'Alistar', 'Yorick']",0.0
NA1_5240886313,"['Draven', 'Ekko', 'MissFortune', 'Kaisa', 'Tristana']","['Tristana', 'Veigar', 'Smolder', 'Annie', 'Vi']",0.0
NA1_5240879129,"['MissFortune', 'Garen', 'Kaisa', 'Draven', 'Yone']","['Ashe', 'Veigar', 'Vayne', 'Alistar', 'Amumu']",1.0
NA1_5240869856,"['MissFortune', 'Caitlyn', 'Kaisa', 'Draven', 'Aurora']","['Ezreal', 'TwistedFate', 'Smolder', 'Lulu', 'Shyvana']",0.0
NA1_5240858378,"['Galio', 'MissFortune', 'Kaisa', 'Vi', 'Caitlyn']","['Kaisa', 'TwistedFate', 'Darius', 'Zyra', 'Yorick']",0.0
NA1_5240841828,"['Draven', 'Garen', 'Kaisa', 'MissFortune', 'Graves']","['Smolder', 'Veigar', 'MonkeyKing', 'Blitzcrank', 'Vi']",0.0
NA1_5240835005,"['MissFortune', 'Teemo', 'Kaisa', 'Ashe', 'Draven']","['Varus', 'Rumble', 'Poppy', 'Sona', 'Yorick']",0.0
NA1_5240829165,"['MissFortune', 'Kaisa', 'Galio', 'Draven', 'Garen']","['Ezreal', 'Tristana', 'Darius', 'Galio', 'Warwick']",0.0
NA1_5240822381,"['Garen', 'Kaisa', 'Draven', 'MissFortune', 'KSante']","['Ziggs', 'Veigar', 'MonkeyKing', 'Poppy', 'Sejuani']",0.0
NA1_5240813794,"['Kennen', 'MissFortune', 'Teemo', 'Jinx', 'Kaisa']","['MissFortune', 'Cassiopeia', 'Poppy', 'Taric', 'Nocturne']",0.0
NA1_5240809129,"['Graves', 'MissFortune', 'Nilah', 'Draven', 'Kaisa']","['Tristana', 'Annie', 'Warwick', 'Ashe', 'Sejuani']",0.0
NA1_5240805180,"['Kaisa', 'Garen', 'Ashe', 'MissFortune', 'Draven']","['Varus', 'Veigar', 'Smolder', 'Galio', 'Lillia']",0.0
NA1_5240802843,"['Kaisa', 'Draven', 'MissFortune', 'Nilah', 'Graves']","['Vayne', 'Ahri', 'Nasus', 'Rakan', 'XinZhao']",0.0
NA1_5240794648,"['MissFortune', 'Draven', 'Graves', 'Malphite', 'Kaisa']","['Smolder', 'Lux', 'MonkeyKing', 'Nautilus', 'Nocturne']",0.0
NA1_5240793211,"['Kaisa', 'MissFortune', 'Graves', 'Teemo', 'Draven']","['Varus', 'Lissandra', 'Yorick', 'TwistedFate', 'MasterYi']",0.0
NA1_5240786450,"['MissFortune', 'Kaisa', 'Garen', 'Chogath', 'Heimerdinger']","['Vayne', 'Veigar', 'Nasus', 'Nautilus', 'Yorick']",0.0
NA1_5240775224,"['Brand', 'Kalista', 'Garen', 'Kaisa', 'MissFortune']","['Ziggs', 'Tristana', 'Yorick', 'Renata', 'Volibear']",0.0
NA1_5240768270,"['MissFortune', 'Jayce', 'Graves', 'Kalista', 'Kaisa']","['MissFortune', 'Cassiopeia', 'Poppy', 'Rakan', 'Nasus']",0.0
NA1_5240762847,"['Kaisa', 'Graves', 'Jayce', 'Kalista', 'MissFortune']","['Kaisa', 'Annie', 'Kennen', 'Zyra', 'Hecarim']",0.0
NA1_5240729440,"['Tristana', 'Kalista', 'Kaisa', 'MissFortune', 'Jayce']","['Caitlyn', 'TwistedFate', 'MonkeyKing', 'Leona', 'Volibear']",0.0
NA1_5240711062,"['Akshan', 'Kaisa', 'Garen', 'Kalista', 'MissFortune']","['Ezreal', 'Malphite', 'Sett', 'Alistar', 'XinZhao']",0.0
NA1_5240687456,"['Garen', 'Kalista', 'Aatrox', 'MissFortune', 'Kaisa']","['Smolder', 'Cassiopeia', 'Yorick', 'Blitzcrank', 'Sejuani']",0.0
NA1_5240670221,"['Kalista', 'Kaisa', 'Garen', 'Jayce', 'MissFortune']","['Ezreal', 'Rumble', 'Sett', 'Sona', 'Hecarim']",0.0
NA1_5240650894,"['Kalista', 'Jayce', 'MissFortune', 'Graves', 'Kaisa']","['Ashe', 'Ahri', 'Vayne', 'Alistar', 'Hecarim']",0.0
NA1_5240591980,"['Kalista', 'Kaisa', 'MissFortune', 'Jayce', 'Darius']","['Varus', 'Malphite', 'Darius', 'Veigar', 'Hecarim']",0.0
NA1_5240563614,"['Kaisa', 'MissFortune', 'Orianna', 'Tryndamere', 'Kalista']","['MissFortune', 'Ahri', 'Kennen', 'Rakan', 'Nocturne']",0.0
NA1_5240494510,"['MissFortune', 'Caitlyn', 'Garen', 'Kalista', 'Kaisa']","['Vayne', 'Chogath', 'Yorick', 'Zyra', 'Rumble']",1.0
NA1_5240456647,"['Cassiopeia', 'Khazix', 'MissFortune', 'Mordekaiser', 'Kaisa']","['Sivir', 'Ekko', 'Vayne', 'Ziggs', 'Sejuani']",0.0
NA1_5240410120,"['MissFortune', 'Ashe', 'Kaisa', 'Khazix', 'Kalista']","['Ashe', 'TwistedFate', 'Poppy', 'Lulu', 'Nocturne']",0.0
NA1_5240389499,"['Jinx', 'Kaisa', 'Garen', 'Chogath', 'MissFortune']","['Ezreal', 'Ziggs', 'Mordekaiser', 'Zyra', 'Poppy']",1.0
NA1_5240352925,"['Kalista', 'Cassiopeia', 'MissFortune', 'Vladimir', 'Kaisa']","['Smolder', 'Rumble', 'Urgot', 'Zyra', 'Nasus']",0.0
NA1_5240335261,"['Kaisa', 'Darius', 'Kalista', 'Graves', 'MissFortune']","['Kaisa', 'Cassiopeia', 'Vayne', 'Galio', 'Nocturne']",0.0
NA1_5240314729,"['Tristana', 'MissFortune', 'Garen', 'Jayce', 'Kaisa']","['Kaisa', 'Ekko', 'Sett', 'Annie', 'Nasus']",0.0
NA1_5240300222,"['Jayce', 'Kalista', 'Graves', 'MissFortune', 'Kaisa']","['Smolder', 'TwistedFate', 'Nasus', 'Rakan', 'Amumu']",0.0
NA1_5240285612,"['Kaisa', 'Kalista', 'Jayce', 'Graves', 'MissFortune']","['Ezreal', 'Chogath', 'Vayne', 'Galio', 'MonkeyKing']",0.0
NA1_5240273280,"['Kaisa', 'Garen', 'Sivir', 'Kalista', 'MissFortune']","['Ziggs', 'Malphite', 'Sett', 'Milio', 'Amumu']",1.0
NA1_5240261489,"['Garen', 'Kaisa', 'Graves', 'MissFortune', 'Jayce']","['Kaisa', 'Tristana', 'Vayne', 'Ashe', 'Vi']",0.0
NA1_5240247362,"['Jinx', 'Kalista', 'MissFortune', 'Kaisa', 'Garen']","['Varus', 'Cassiopeia', 'Poppy', 'Zyra', 'Khazix']",0.0
NA1_5240006236,"['MissFortune', 'Jayce', 'Caitlyn', 'Orianna', 'Aurora']","['MissFortune', 'Chogath', 'Poppy', 'Blitzcrank', 'Vi']",0.0
NA1_5239984825,"['Cassiopeia', 'Kennen', 'Kaisa', 'Pantheon', 'MissFortune']","['Lucian', 'Ziggs', 'Urgot', 'Taric', 'Hecarim']",0.0
NA1_5239954834,"['Graves', 'Kaisa', 'MissFortune', 'Garen', 'Tristana']","['Sivir', 'Irelia', 'Warwick', 'Soraka', 'Shyvana']",1.0
NA1_5239928197,"['Jayce', 'Graves', 'MissFortune', 'Kalista', 'Kaisa']","['Ziggs', 'Malphite', 'Warwick', 'Galio', 'Nocturne']",0.0
NA1_5239903263,"['Kaisa', 'Ezreal', 'Kalista', 'MissFortune', 'Graves']","['Caitlyn', 'Galio', 'Vayne', 'Lulu', 'XinZhao']",0.0
NA1_5239876707,"['Kalista', 'MissFortune', 'Cassiopeia', 'Graves', 'Kaisa']","['Lucian', 'Smolder', 'Warwick', 'Ziggs', 'Nocturne']",0.0
NA1_5239820103,"['MissFortune', 'Velkoz', 'DrMundo', 'Smolder', 'Kaisa']","['Lucian', 'Cassiopeia', 'MonkeyKing', 'Blitzcrank', 'Nasus']",1.0
NA1_5239794301,"['Cassiopeia', 'Garen', 'Kaisa', 'Kalista', 'MissFortune']","['Lucian', 'Tristana', 'Chogath', 'Lulu', 'Poppy']",0.0
NA1_5239776417,"['Kaisa', 'MissFortune', 'Graves', 'Kennen', 'Nautilus']","['Vayne', 'TwistedFate', 'MonkeyKing', 'Alistar', 'MasterYi']",0.0
NA1_5239735109,"['Kaisa', 'Graves', 'Khazix', 'MissFortune', 'Kalista']","['Tristana', 'Cassiopeia', 'Warwick', 'Lux', 'Rumble']",0.0
NA1_5238863285,"['Orianna', 'Kaisa', 'Cassiopeia', 'Akshan', 'MissFortune']","['Caitlyn', 'Lissandra', 'Warwick', 'Renata', 'Shyvana']",0.0
NA1_5238845603,"['Jayce', 'Kaisa', 'Orianna', 'Kennen', 'Graves']","['Ezreal', 'Smolder', 'Urgot', 'Seraphine', 'Khazix']",0.0
NA1_5238835488,"['Kalista', 'Graves', 'MissFortune', 'Akshan', 'Kaisa']","['Tristana', 'TwistedFate', 'Yorick', 'Malphite', 'Warwick']",1.0
NA1_5238826846,"['MissFortune', 'Kaisa', 'Kennen', 'Caitlyn', 'Kalista']","['Ziggs', 'Smolder', 'Darius', 'Sona', 'Volibear']",0.0
NA1_5238813414,"['Kennen', 'Kaisa', 'MissFortune', 'Jayce', 'Graves']","['Vayne', 'Annie', 'Mordekaiser', 'Blitzcrank', 'Zyra']",0.0
NA1_5238770571,"['MissFortune', 'Cassiopeia', 'Garen', 'Kaisa', 'Graves']","['Lucian', 'TwistedFate', 'Chogath', 'Milio', 'Hecarim']",0.0
NA1_5238750041,"['Jayce', 'Nasus', 'Cassiopeia', 'MissFortune', 'Kaisa']","['Lucian', 'Rumble', 'Malphite', 'Zyra', 'Hecarim']",0.0
NA1_5238725825,"['Quinn', 'MissFortune', 'Smolder', 'Kalista', 'Kaisa']","['Vayne', 'Ziggs', 'Garen', 'Blitzcrank', 'Nocturne']",0.0
NA1_5238699639,"['Kalista', 'Kaisa', 'Soraka', 'Cassiopeia', 'MissFortune']","['Ezreal', 'Ziggs', 'Nasus', 'Nautilus', 'Sejuani']",0.0
NA1_5238673966,"['Graves', 'Katarina', 'Kalista', 'Kaisa', 'MissFortune']","['Sivir', 'Kassadin', 'Kennen', 'Veigar', 'Lillia']",1.0
NA1_5238323505,"['Jinx', 'Cassiopeia', 'Kaisa', 'Garen', 'MissFortune']","['Vayne', 'Lux', 'Malphite', 'Leona', 'Warwick']",0.0
NA1_5238322239,"['Jayce', 'Kalista', 'Graves', 'MissFortune', 'Kaisa']","['Tristana', 'Malphite', 'Garen', 'Veigar', 'Shyvana']",0.0
NA1_5238308323,"['Kalista', 'Kaisa', 'MissFortune', 'Jayce', 'Garen']","['Ziggs', 'Cassiopeia', 'Yorick', 'Taric', 'Hecarim']",0.0
NA1_5238306380,"['Kennen', 'Orianna', 'MissFortune', 'Cassiopeia', 'Kaisa']","['Kaisa', 'Cassiopeia', 'Poppy', 'Sona', 'Nocturne']",0.0
NA1_5238294634,"['Cassiopeia', 'Graves', 'Kalista', 'MissFortune', 'Kaisa']","['Caitlyn', 'Kennen', 'Malphite', 'Ziggs', 'Hecarim']",0.0
NA1_5237884431,"['MissFortune', 'Kaisa', 'Kindred', 'Pyke', 'Cassiopeia']","['Ziggs', 'Malphite', 'MonkeyKing', 'Lulu', 'Nasus']",0.0
NA1_5237863706,"['Kaisa', 'Garen', 'Kalista', 'MissFortune', 'Tryndamere']","['Kaisa', 'Chogath', 'Yorick', 'Nautilus', 'Hecarim']",0.0
NA1_5237849106,"['Graves', 'MissFortune', 'Kaisa', 'Garen', 'Darius']","['Varus', 'Ziggs', 'Sett', 'Zyra', 'XinZhao']",1.0
NA1_5237837406,"['Kaisa', 'Jayce', 'Orianna', 'Aurora', 'MissFortune']","['Caitlyn', 'Tristana', 'Volibear', 'Zyra', 'XinZhao']",0.0
NA1_5237659761,"['Graves', 'Kalista', 'Cassiopeia', 'Kaisa', 'Jayce']","['Vayne', 'Rumble', 'Sett', 'Alistar', 'Nocturne']",0.0
NA1_5237644562,"['Kalista', 'Kaisa', 'LeeSin', 'Cassiopeia', 'MissFortune']","['Ziggs', 'Ahri', 'Kennen', 'Galio', 'Khazix']",0.0
NA1_5237637761,"['MissFortune', 'Jayce', 'Kalista', 'Kaisa', 'Graves']","['Ezreal', 'Irelia', 'Smolder', 'Malphite', 'Sejuani']",0.0
NA1_5237617231,"['Lux', 'Caitlyn', 'Cassiopeia', 'MissFortune', 'Kaisa']","['Sivir', 'Kassadin', 'Poppy', 'Galio', 'Rumble']",1.0
NA1_5237598637,"['MissFortune', 'Kaisa', 'Sivir', 'Lux', 'Garen']","['Kaisa', 'Lissandra', 'Yorick', 'Lux', 'Hecarim']",1.0
NA1_5237579973,"['Kalista', 'Kaisa', 'MissFortune', 'Caitlyn', 'Graves']","['Vayne', 'Galio', 'Irelia', 'Annie', 'Shyvana']",0.0
NA1_5237557115,"['MissFortune', 'Aatrox', 'Kalista', 'Graves', 'Kaisa']","['Vayne', 'Cassiopeia', 'Malphite', 'Leona', 'XinZhao']",0.0
NA1_5237535103,"['Cassiopeia', 'Garen', 'Teemo', 'Sett', 'Kaisa']","['Ezreal', 'Ziggs', 'Kennen', 'Ashe', 'Nasus']",1.0
NA1_5237155846,"['Kaisa', 'MissFortune', 'Khazix', 'Garen', 'Kalista']","['MissFortune', 'TwistedFate', 'Kennen', 'Nautilus', 'XinZhao']",0.0
NA1_5237147405,"['Graves', 'Kalista', 'Kaisa', 'MissFortune', 'Garen']","['Kaisa', 'Ahri', 'Smolder', 'Zyra', 'Sejuani']",0.0
NA1_5237143177,"['Kaisa', 'Kennen', 'Orianna', 'MissFortune', 'Graves']","['Ezreal', 'Kennen', 'Yorick', 'Zyra', 'Hecarim']",0.0
NA1_5237129713,"['Kalista', 'Jayce', 'Graves', 'Kaisa', 'MissFortune']","['Caitlyn', 'TwistedFate', 'Rumble', 'Nautilus', 'Yorick']",0.0
NA1_5237121898,"['Graves', 'Kaisa', 'Cassiopeia', 'MissFortune', 'Kalista']","['Caitlyn', 'Smolder', 'Poppy', 'Seraphine', 'Vi']",0.0
NA1_5237117083,"['Zeri', 'Kaisa', 'Orianna', 'Kalista', 'Pantheon']","['Vayne', 'Lux', 'Cassiopeia', 'Zyra', 'Poppy']",0.0
NA1_5237113355,"['Nilah', 'Kennen', 'Aatrox', 'Jayce', 'Kaisa']","['MissFortune', 'Cassiopeia', 'Rumble', 'Malphite', 'Vi']",0.0
NA1_5237109421,"['Kaisa', 'Kalista', 'MissFortune', 'Graves', 'Jayce']","['Lucian', 'Ahri', 'Poppy', 'Zyra', 'Vi']",0.0
NA1_5237097165,"['Cassiopeia', 'Jayce', 'Kennen', 'MissFortune', 'Diana']","['Vayne', 'Irelia', 'Darius', 'Taric', 'Nocturne']",0.0
NA1_5237080023,"['Kalista', 'Graves', 'MissFortune', 'Jayce', 'Kaisa']","['Ashe', 'Malphite', 'MonkeyKing', 'Leona', 'Volibear']",0.0
NA1_5237071917,"['Graves', 'Kalista', 'MissFortune', 'Kaisa', 'Cassiopeia']","['Ziggs', 'Lissandra', 'Vayne', 'Braum', 'Yorick']",0.0
NA1_5237058321,"['Kalista', 'Kaisa', 'MissFortune', 'Garen', 'Khazix']","['Ziggs', 'Tristana', 'Darius', 'Poppy', 'Vi']",0.0
NA1_5237035960,"['Orianna', 'Kalista', 'MissFortune', 'Aurora', 'Cassiopeia']","['Smolder', 'Lux', 'Warwick', 'Ashe', 'Zyra']",0.0
NA1_5305271788,"['Aatrox', 'Taliyah', 'Cassiopeia', 'Sivir', 'Senna']","['Darius', 'Ambessa', 'Brand', 'Kalista', 'Elise']",0.0
NA1_5305262468,"['Azir', 'Nunu', 'Talon', 'Draven', 'Shen']","['Aatrox', 'Viego', 'Sylas', 'Zeri', 'Lulu']",0.0
NA1_5304428856,"['Sett', 'JarvanIV', 'Azir', 'Lucian', 'Karma']","['Kayle', 'Belveth', 'Anivia', 'Caitlyn', 'Nami']",1.0
NA1_5304402454,"['Darius', 'Warwick', 'Viktor', 'Vayne', 'Lulu']","['Karma', 'Kindred', 'Veigar', 'Draven', 'Poppy']",0.0
NA1_5304379078,"['Camille', 'Evelynn', 'Azir', 'Senna', 'Nautilus']","['Trundle', 'Pantheon', 'Sylas', 'Jhin', 'Blitzcrank']",1.0
NA1_5304346614,"['Renekton', 'Diana', 'Veigar', 'Rengar', 'Ivern']","['Camille', 'Zac', 'Akali', 'Twitch', 'Rakan']",1.0
NA1_5304316140,"['Jayce', 'Khazix', 'Orianna', 'Kaisa', 'Rengar']","['Gragas', 'Viego', 'Hwei', 'Lucian', 'Trundle']",1.0
NA1_5304281906,"['Azir', 'Viego', 'Morgana', 'MissFortune', 'Nami']","['Jayce', 'Shaco', 'Ekko', 'Aphelios', 'Maokai']",1.0
NA1_5304260855,"['Pantheon', 'Viego', 'Azir', 'Jinx', 'Nami']","['Sett', 'Lillia', 'Ambessa', 'Twitch', 'Lulu']",1.0
NA1_5304230290,"['Sett', 'Volibear', 'Taliyah', 'Draven', 'Braum']","['Pantheon', 'Diana', 'Sylas', 'Tristana', 'Karma']",1.0
NA1_5304206860,"['Quinn', 'Ekko', 'Viktor', 'Sivir', 'Elise']","['Jax', 'Graves', 'Sylas', 'Mel', 'Maokai']",1.0
NA1_5304181224,"['Warwick', 'Diana', 'Senna', 'Xayah', 'Sona']","['Shen', 'Pantheon', 'Katarina', 'Samira', 'Alistar']",0.0
NA1_5304154576,"['Kled', 'Diana', 'Mel', 'Samira', 'Alistar']","['Smolder', 'XinZhao', 'Taliyah', 'Senna', 'Pyke']",1.0
NA1_5304133417,"['Gangplank', 'LeeSin', 'Azir', 'Smolder', 'Senna']","['Teemo', 'Nocturne', 'Mel', 'Draven', 'Lulu']",1.0
NA1_5303852801,"['Chogath', 'Khazix', 'Viktor', 'Caitlyn', 'Mel']","['Ornn', 'Diana', 'Kayle', 'MissFortune', 'Renata']",1.0
NA1_5303838885,"['Malphite', 'Elise', 'Azir', 'Tristana', 'Mel']","['Teemo', 'Twitch', 'Yone', 'Vayne', 'Nami']",1.0
NA1_5303815844,"['Nasus', 'Zed', 'Qiyana', 'Jhin', 'Mel']","['Jayce', 'JarvanIV', 'Katarina', 'Aphelios', 'Soraka']",0.0
NA1_5303788761,"['Vladimir', 'Amumu', 'Malphite', 'Lucian', 'Nautilus']","['Illaoi', 'Naafiri', 'Zed', 'Seraphine', 'Lux']",1.0
NA1_5303755806,"['Kayle', 'Kayn', 'Azir', 'Smolder', 'Mel']","['Gnar', 'Ivern', 'Hwei', 'Senna', 'Taric']",1.0
NA1_5303724346,"['Shen', 'RekSai', 'Viktor', 'Aphelios', 'Malphite']","['Sylas', 'Rengar', 'Akshan', 'Vayne', 'Sona']",1.0
NA1_5303682776,"['Chogath', 'Viego', 'Taliyah', 'Jhin', 'Blitzcrank']","['Sejuani', 'Ekko', 'Talon', 'Caitlyn', 'Leona']",1.0
NA1_5303662134,"['DrMundo', 'Nocturne', 'Orianna', 'Jinx', 'Mel']","['Sett', 'RekSai', 'Ekko', 'MissFortune', 'Leona']",1.0
NA1_5303640720,"['Azir', 'Naafiri', 'Sylas', 'Lucian', 'Nami']","['Sion', 'Rengar', 'Orianna', 'Nilah', 'Yuumi']",1.0
NA1_5303610480,"['Cassiopeia', 'Zed', 'Yasuo', 'Senna', 'Mel']","['Shen', 'MasterYi', 'Vex', 'Ezreal', 'Xerath']",1.0
NA1_5303583585,"['Sett', 'Warwick', 'Kassadin', 'Kennen', 'Nami']","['Sion', 'Vi', 'Anivia', 'Aphelios', 'Janna']",1.0
NA1_5303204704,"['Gangplank', 'Trundle', 'Viktor', 'Vayne', 'Mel']","['Renekton', 'Hecarim', 'Yasuo', 'Kaisa', 'Zac']",1.0
NA1_5303184294,"['DrMundo', 'LeeSin', 'Azir', 'Smolder', 'Mel']","['Volibear', 'MasterYi', 'Diana', 'Kaisa', 'Pantheon']",0.0
NA1_5303159920,"['Warwick', 'LeeSin', 'Veigar', 'Jinx', 'Sona']","['Tryndamere', 'Elise', 'KSante', 'Aphelios', 'Velkoz']",1.0
NA1_5303134534,"['Garen', 'Kayn', 'Viktor', 'Tristana', 'Mel']","['Yasuo', 'Hecarim', 'Ahri', 'Jinx', 'Thresh']",1.0
NA1_5303105192,"['Darius', 'Warwick', 'Mel', 'Corki', 'Leona']","['Ornn', 'Nocturne', 'TwistedFate', 'Jhin', 'Lux']",0.0
NA1_5303078127,"['Aatrox', 'Elise', 'Azir', 'Senna', 'Mel']","['Fiora', 'Viego', 'Viktor', 'Samira', 'Neeko']",1.0
NA1_5303048013,"['Riven', 'Belveth', 'Diana', 'Jhin', 'Lux']","['Katarina', 'Talon', 'AurelionSol', 'Senna', 'Rell']",1.0
NA1_5303013189,"['Aatrox', 'Graves', 'Veigar', 'Caitlyn', 'Nami']","['Quinn', 'MasterYi', 'Fizz', 'Kaisa', 'Thresh']",1.0
NA1_5302988037,"['Fiora', 'Hecarim', 'Viktor', 'Mel', 'Zyra']","['Quinn', 'LeeSin', 'Yone', 'Jhin', 'Bard']",0.0
NA1_5302953436,"['Trundle', 'Kindred', 'Lux', 'Kaisa', 'Janna']","['Tryndamere', 'Pantheon', 'Orianna', 'Senna', 'Thresh']",0.0
NA1_5302939876,"['Trundle', 'Mordekaiser', 'Veigar', 'Jinx', 'Blitzcrank']","['Renekton', 'Nidalee', 'Talon', 'Tristana', 'Thresh']",1.0
NA1_5301940543,"['Gnar', 'Shyvana', 'Viktor', 'Smolder', 'Xerath']","['Nasus', 'Naafiri', 'Vladimir', 'Sivir', 'Nami']",1.0
NA1_5301926426,"['Graves', 'XinZhao', 'Viktor', 'Smolder', 'Renata']","['Malphite', 'Udyr', 'Galio', 'Jinx', 'Leona']",0.0
NA1_5301897546,"['DrMundo', 'Rengar', 'Azir', 'Xayah', 'Alistar']","['Sett', 'Gwen', 'Kayle', 'Draven', 'Lulu']",0.0
NA1_5301873344,"['Fiora', 'Warwick', 'Viktor', 'Twitch', 'Lulu']","['Malphite', 'Nocturne', 'Aurora', 'Sivir', 'Nautilus']",1.0
NA1_5301849124,"['Shen', 'Shyvana', 'Katarina', 'Xayah', 'Rakan']","['Warwick', 'Naafiri', 'Kassadin', 'Zyra', 'Xerath']",0.0
NA1_5301822895,"['Sett', 'FiddleSticks', 'Katarina', 'Sivir', 'Rell']","['Gangplank', 'Ekko', 'Zed', 'Corki', 'Senna']",0.0
NA1_5301811637,"['Katarina', 'Kayn', 'Ryze', 'Ezreal', 'Bard']","['Singed', 'Pantheon', 'Zed', 'Caitlyn', 'Janna']",1.0
NA1_5301784950,"['DrMundo', 'Rumble', 'Katarina', 'Caitlyn', 'Nami']","['Ornn', 'MonkeyKing', 'Ahri', 'Aphelios', 'Lux']",1.0
NA1_5301751494,"['DrMundo', 'Udyr', 'Tristana', 'Lux', 'Mel']","['Sion', 'Briar', 'Katarina', 'MissFortune', 'Swain']",1.0
NA1_5301724005,"['Yone', 'Warwick', 'Azir', 'Lucian', 'Thresh']","['Aurora', 'LeeSin', 'Aatrox', 'Jinx', 'Swain']",1.0
NA1_5301698159,"['Renekton', 'Khazix', 'Azir', 'Ashe', 'Sylas']","['Aatrox', 'Amumu', 'Yone', 'Caitlyn', 'Shaco']",0.0
NA1_5301672203,"['Malphite', 'Viego', 'TwistedFate', 'Caitlyn', 'Rakan']","['Riven', 'Amumu', 'Vladimir', 'Jinx', 'Nami']",0.0
NA1_5301648573,"['Pantheon', 'Shyvana', 'Viktor', 'Hwei', 'Senna']","['Sion', 'Maokai', 'Ahri', 'Lucian', 'Twitch']",1.0
NA1_5301627735,"['Darius', 'Vi', 'Lux', 'Kaisa', 'Nunu']","['Jax', 'Viego', 'Syndra', 'Zeri', 'Janna']",1.0
NA1_5301606939,"['Viktor', 'Sion', 'Talon', 'Smolder', 'Blitzcrank']","['Fiora', 'Evelynn', 'Galio', 'Senna', 'Nami']",1.0
NA1_5301579728,"['Sett', 'Trundle', 'Orianna', 'Kaisa', 'Pantheon']","['Kayn', 'Graves', 'Ahri', 'AurelionSol', 'Sona']",0.0
NA1_5301567961,"['Shen', 'JarvanIV', 'Vladimir', 'Tristana', 'Taric']","['DrMundo', 'Vi', 'Ekko', 'Jinx', 'Nautilus']",0.0
NA1_5301551535,"['Darius', 'Zac', 'Viktor', 'Smolder', 'TahmKench']","['Pantheon', 'Belveth', 'Ekko', 'Twitch', 'Milio']",1.0
NA1_5301078110,"['Trundle', 'XinZhao', 'Syndra', 'Senna', 'Alistar']","['MonkeyKing', 'Kindred', 'Malzahar', 'Varus', 'Milio']",0.0
NA1_5301067317,"['Shen', 'Elise', 'Veigar', 'Xayah', 'Nautilus']","['KSante', 'Hecarim', 'Galio', 'Ezreal', 'Yuumi']",1.0
NA1_5301045980,"['Ornn', 'Shaco', 'Orianna', 'Smolder', 'Senna']","['Urgot', 'JarvanIV', 'Katarina', 'MissFortune', 'Nautilus']",0.0
NA1_5301024727,"['Yorick', 'Graves', 'Viktor', 'Kaisa', 'Poppy']","['Heimerdinger', 'Hecarim', 'Caitlyn', 'Ezreal', 'Alistar']",1.0
NA1_5301003718,"['Singed', 'Zed', 'Ivern', 'Samira', 'Seraphine']","['Shen', 'Pantheon', 'Lissandra', 'Jinx', 'Nami']",0.0
NA1_5300986507,"['TwistedFate', 'JarvanIV', 'Jayce', 'Ziggs', 'Veigar']","['Riven', 'Hecarim', 'Katarina', 'Varus', 'Xerath']",1.0
NA1_5300975330,"['Jayce', 'Shaco', 'Ahri', 'Jhin', 'Morgana']","['Volibear', 'Nocturne', 'Yasuo', 'Sivir', 'Bard']",1.0
NA1_5300965874,"['Rengar', 'Viego', 'Viktor', 'Lucian', 'Nami']","['Garen', 'LeeSin', 'Yasuo', 'Brand', 'Thresh']",1.0
NA1_5300948100,"['Kayle', 'Shaco', 'Annie', 'Varus', 'Lulu']","['Darius', 'Diana', 'Zed', 'Jinx', 'Seraphine']",0.0
NA1_5300932811,"['Volibear', 'JarvanIV', 'AurelionSol', 'MissFortune', 'Zilean']","['Mordekaiser', 'Nasus', 'Yone', 'Jhin', 'Nami']",0.0
NA1_5300748787,"['Azir', 'Skarner', 'Sylas', 'Varus', 'Nami']","['DrMundo', 'Shaco', 'Ahri', 'Jinx', 'Thresh']",1.0
NA1_5300730738,"['Fiora', 'Shaco', 'Diana', 'Xayah', 'Rakan']","['Garen', 'Nocturne', 'Ahri', 'Draven', 'Soraka']",1.0
NA1_5300696236,"['Ornn', 'LeeSin', 'Viktor', 'Lucian', 'Nami']","['Renekton', 'Rengar', 'Lux', 'Varus', 'Karma']",1.0
NA1_5300670345,"['Sett', 'JarvanIV', 'Cassiopeia', 'Sivir', 'Nami']","['Akali', 'Gwen', 'Irelia', 'MissFortune', 'Blitzcrank']",0.0
NA1_5300646431,"['Shen', 'Yorick', 'Sylas', 'Mel', 'Neeko']","['Warwick', 'Elise', 'Orianna', 'Draven', 'Maokai']",1.0
NA1_5300618255,"['Sion', 'Nocturne', 'Corki', 'Caitlyn', 'Sona']","['Urgot', 'Shyvana', 'Akali', 'Vayne', 'Leona']",1.0
NA1_5300588047,"['Urgot', 'Shyvana', 'Yone', 'MissFortune', 'Sona']","['Heimerdinger', 'Volibear', 'Talon', 'Kaisa', 'Brand']",0.0
NA1_5300559767,"['Jax', 'Shyvana', 'Lux', 'Kaisa', 'Leona']","['Sett', 'Diana', 'Malzahar', 'Jinx', 'Shen']",0.0
NA1_5300529118,"['Teemo', 'JarvanIV', 'Ahri', 'Volibear', 'Senna']","['Akali', 'Hecarim', 'Zoe', 'Caitlyn', 'Pantheon']",1.0
NA1_5300502892,"['DrMundo', 'Pantheon', 'Taliyah', 'Jhin', 'Mel']","['Trundle', 'Viego', 'Hwei', 'Lucian', 'Milio']",1.0
NA1_5300475266,"['Gragas', 'Zed', 'Azir', 'Vayne', 'Rakan']","['Camille', 'Diana', 'Malzahar', 'Sivir', 'Neeko']",1.0
NA1_5300454860,"['DrMundo', 'Vi', 'Sylas', 'Lucian', 'Thresh']","['Jayce', 'Rumble', 'Malzahar', 'Sivir', 'Xerath']",0.0
NA1_5300437570,"['Mordekaiser', 'Udyr', 'TwistedFate', 'Draven', 'Poppy']","['DrMundo', 'Nocturne', 'Zed', 'Aphelios', 'Camille']",1.0
NA1_5300408395,"['Sett', 'Skarner', 'Azir', 'Smolder', 'Sona']","['Zed', 'Evelynn', 'Mel', 'MissFortune', 'Taric']",1.0
NA1_5300394980,"['Gangplank', 'MasterYi', 'Zilean', 'Jhin', 'Alistar']","['Vladimir', 'Sejuani', 'Vex', 'Jinx', 'Lux']",1.0
NA1_5300374881,"['Jayce', 'Mel', 'Zed', 'Jinx', 'Leona']","['Gangplank', 'Sion', 'Ahri', 'Vayne', 'Thresh']",0.0
NA1_5300361728,"['Fiora', 'Shaco', 'Veigar', 'Lucian', 'Yuumi']","['Shen', 'Kayn', 'Yone', 'Jinx', 'Nami']",1.0
NA1_5300345308,"['Sion', 'Evelynn', 'Orianna', 'Vayne', 'Leona']","['Renekton', 'Briar', 'Katarina', 'Aphelios', 'Nautilus']",1.0
NA1_5250158917,"['Viktor', 'MonkeyKing', 'Nasus', 'Varus', 'Ziggs']","['Yone', 'Belveth', 'MonkeyKing', 'MissFortune', 'Ahri']",1.0
NA1_5250125671,"['Janna', 'Belveth', 'Yasuo', 'Hecarim', 'Karma']","['Twitch', 'Karthus', 'Milio', 'MonkeyKing', 'Varus']",0.0
NA1_5250104730,"['Yasuo', 'Milio', 'Nasus', 'Kled', 'Ziggs']","['Viktor', 'Vi', 'Jinx', 'Nasus', 'Kled']",0.0
NA1_5250075699,"['Hecarim', 'Nasus', 'Twitch', 'Syndra', 'Yone']","['Varus', 'MissFortune', 'Jinx', 'Syndra', 'Karthus']",0.0
NA1_5250055601,"['MonkeyKing', 'Yasuo', 'Ziggs', 'Kled', 'Syndra']","['Milio', 'Karma', 'Syndra', 'Belveth', 'Vi']",0.0
NA1_5250037036,"['Viktor', 'Karthus', 'Karma', 'Janna', 'Jinx']","['Twitch', 'Belveth', 'Vi', 'Yasuo', 'MissFortune']",1.0
NA1_5250011350,"['MissFortune', 'Karma', 'Ahri', 'Viktor', 'Velkoz']","['Twitch', 'MissFortune', 'MonkeyKing', 'Ziggs', 'Yasuo']",0.0
NA1_5249979177,"['Milio', 'Belveth', 'Karma', 'Ziggs', 'Hecarim']","['Syndra', 'Velkoz', 'Karma', 'Varus', 'Jinx']",0.0
NA1_5249947260,"['Jinx', 'Nasus', 'Twitch', 'Yone', 'Ziggs']","['Kled', 'Twitch', 'Karma', 'Ziggs', 'MissFortune']",0.0
NA1_5241347932,"['Draven', 'Jinx', 'Kaisa', 'Teemo', 'MissFortune']","['Ziggs', 'Ahri', 'Smolder', 'Lux', 'Vi']",0.0
NA1_5241335645,"['Kaisa', 'Draven', 'MissFortune', 'Garen', 'Ziggs']","['Tristana', 'Ziggs', 'Nasus', 'Taric', 'Rumble']",1.0
NA1_5241325922,"['Draven', 'Graves', 'Kaisa', 'MissFortune', 'Nilah']","['Tristana', 'Ekko', 'Garen', 'Blitzcrank', 'Khazix']",0.0
NA1_5241314963,"['Draven', 'MissFortune', 'Tristana', 'Kaisa', 'Graves']","['Ashe', 'Veigar', 'Cassiopeia', 'Leona', 'Hecarim']",0.0
NA1_5241294413,"['Draven', 'Graves', 'Kaisa', 'MissFortune', 'Garen']","['Smolder', 'Ziggs', 'Yorick', 'Leona', 'Hecarim']",1.0
NA1_5241277199,"['Kaisa', 'Tristana', 'Lux', 'Zilean', 'MissFortune']","['MissFortune', 'Annie', 'Chogath', 'Veigar', 'MonkeyKing']",0.0
NA1_5241255792,"['MissFortune', 'Kaisa', 'Graves', 'Draven', 'Jinx']","['Sivir', 'Veigar', 'Vayne', 'Zyra', 'Nocturne']",0.0
NA1_5241235616,"['MissFortune', 'Kaisa', 'Draven', 'Graves', 'Nilah']","['Varus', 'Rumble', 'Irelia', 'Lux', 'MasterYi']",0.0
NA1_5310420834,"['Sett', 'XinZhao', 'TwistedFate', 'Ashe', 'Swain']","['Darius', 'Elise', 'Mel', 'Jinx', 'Janna']",0.0
NA1_5310398964,"['Ornn', 'Warwick', 'TwistedFate', 'Aphelios', 'Nautilus']","['Swain', 'LeeSin', 'AurelionSol', 'Xayah', 'Braum']",1.0
NA1_5310379488,"['Ambessa', 'Poppy', 'TwistedFate', 'Aphelios', 'Soraka']","['Renekton', 'Warwick', 'Ryze', 'Jinx', 'Lulu']",1.0
NA1_5310366166,"['KSante', 'Graves', 'Viktor', 'Mel', 'Shen']","['Aatrox', 'LeeSin', 'Zed', 'Senna', 'Zyra']",0.0
NA1_5310342701,"['DrMundo', 'Naafiri', 'Fizz', 'MissFortune', 'Alistar']","['Aatrox', 'Volibear', 'Mel', 'Vayne', 'Thresh']",1.0
NA1_5310326347,"['Sett', 'Naafiri', 'Orianna', 'Caitlyn', 'Zyra']","['Urgot', 'Rumble', 'Sylas', 'Jinx', 'Lulu']",1.0
NA1_5310121831,"['DrMundo', 'JarvanIV', 'Kayle', 'Lucian', 'Milio']","['Yasuo', 'MasterYi', 'Sylas', 'Senna', 'Nautilus']",1.0
NA1_5310080519,"['KSante', 'Graves', 'TwistedFate', 'Tristana', 'Braum']","['Mordekaiser', 'Talon', 'Xerath', 'Zeri', 'Lulu']",0.0
NA1_5310061298,"['TwistedFate', 'Vi', 'Azir', 'Ezreal', 'Sona']","['Volibear', 'Khazix', 'AurelionSol', 'Aphelios', 'Braum']",1.0
NA1_5310035664,"['Malphite', 'Zac', 'Viktor', 'Sivir', 'Braum']","['Vladimir', 'Vi', 'Zed', 'Aphelios', 'Zilean']",0.0
NA1_5310012217,"['DrMundo', 'Graves', 'Vex', 'Varus', 'Alistar']","['Yasuo', 'Ivern', 'Kassadin', 'Lucian', 'Braum']",0.0
NA1_5309993916,"['Singed', 'Khazix', 'Tristana', 'Mel', 'Thresh']","['Fiora', 'LeeSin', 'Aurora', 'Varus', 'Neeko']",0.0
NA1_5309965181,"['Gnar', 'Udyr', 'TwistedFate', 'Vayne', 'Elise']","['Jayce', 'Kayn', 'Aurora', 'Tristana', 'Rakan']",1.0
NA1_5309932659,"['Gwen', 'Viego', 'TwistedFate', 'Corki', 'Pyke']","['Aatrox', 'Vi', 'Syndra', 'Smolder', 'Blitzcrank']",1.0
NA1_5309898570,"['Ambessa', 'Pantheon', 'Orianna', 'Senna', 'Sona']","['Warwick', 'Lillia', 'Yasuo', 'Smolder', 'Thresh']",0.0
NA1_5309876383,"['Singed', 'Zed', 'Orianna', 'Tristana', 'Swain']","['Riven', 'LeeSin', 'Veigar', 'Jhin', 'Karma']",1.0
NA1_5309845346,"['Viktor', 'Sejuani', 'Quinn', 'Jhin', 'Leona']","['Shen', 'Shaco', 'Sion', 'Hwei', 'Mel']",0.0
NA1_5309820858,"['Jax', 'Ivern', 'TwistedFate', 'Zeri', 'Renata']","['Gragas', 'Sejuani', 'Akshan', 'Caitlyn', 'Lulu']",1.0
NA1_5309799577,"['Jax', 'Kayn', 'Viktor', 'Ezreal', 'Karma']","['Aatrox', 'Udyr', 'TwistedFate', 'Aphelios', 'Nami']",0.0
NA1_5309771676,"['Nasus', 'Ivern', 'Viktor', 'Corki', 'Janna']","['Garen', 'Sejuani', 'Kayle', 'Kaisa', 'Pyke']",1.0
NA1_5309756803,"['DrMundo', 'Gwen', 'Akshan', 'Caitlyn', 'Alistar']","['Sion', 'Warwick', 'Neeko', 'Sivir', 'Braum']",0.0
NA1_5309732527,"['Renekton', 'LeeSin', 'Orianna', 'Hwei', 'Nami']","['Ornn', 'Kayn', 'Vex', 'Lucian', 'Sona']",1.0
NA1_5309718138,"['KSante', 'LeeSin', 'Orianna', 'Caitlyn', 'Lux']","['Gwen', 'Graves', 'Viktor', 'Lucian', 'Leona']",1.0
NA1_5309372483,"['Malphite', 'MonkeyKing', 'Ekko', 'Lucian', 'Braum']","['Mordekaiser', 'Trundle', 'Anivia', 'Smolder', 'Rakan']",1.0
NA1_5309339432,"['Tryndamere', 'Elise', 'Azir', 'Samira', 'Nautilus']","['Illaoi', 'LeeSin', 'Ekko', 'Xayah', 'Pyke']",0.0
NA1_5309299204,"['Teemo', 'RekSai', 'Viktor', 'Varus', 'Veigar']","['Vladimir', 'Zac', 'Zed', 'Twitch', 'Morgana']",1.0
NA1_5309273272,"['Pantheon', 'MonkeyKing', 'Viktor', 'Smolder', 'Seraphine']","['Gangplank', 'Udyr', 'Azir', 'MissFortune', 'Braum']",1.0
NA1_5309245723,"['FiddleSticks', 'Nunu', 'Lux', 'Zeri', 'Elise']","['Yorick', 'Vi', 'Viktor', 'Tristana', 'Pyke']",1.0
NA1_5309223902,"['Fiora', 'Khazix', 'Viktor', 'Jinx', 'Morgana']","['Pantheon', 'DrMundo', 'Xerath', 'Sivir', 'Blitzcrank']",1.0
NA1_5309202988,"['DrMundo', 'XinZhao', 'Lissandra', 'Twitch', 'Taric']","['KSante', 'Lillia', 'Akshan', 'Kaisa', 'Thresh']",1.0
NA1_5309178978,"['Malphite', 'Udyr', 'Azir', 'Aphelios', 'Nami']","['Chogath', 'Vi', 'Renekton', 'Kaisa', 'Maokai']",0.0
NA1_5309162403,"['Warwick', 'Graves', 'Viktor', 'Zeri', 'Lulu']","['Ambessa', 'XinZhao', 'Ahri', 'Swain', 'Bard']",0.0
NA1_5309138491,"['DrMundo', 'Volibear', 'Zoe', 'Vayne', 'Lulu']","['Trundle', 'Evelynn', 'Qiyana', 'Mel', 'Nami']",1.0
NA1_5309115498,"['Chogath', 'Vi', 'Syndra', 'Tristana', 'Lulu']","['Gwen', 'MasterYi', 'Gangplank', 'Xayah', 'Nami']",0.0
NA1_5309105817,"['Gwen', 'Teemo', 'Vladimir', 'Aphelios', 'Nautilus']","['Yasuo', 'Khazix', 'Ahri', 'Kaisa', 'Zac']",1.0
NA1_5309087703,"['Ryze', 'MasterYi', 'Azir', 'Aphelios', 'Karma']","['Jax', 'Khazix', 'TwistedFate', 'MissFortune', 'Neeko']",0.0
NA1_5309078767,"['Shen', 'Talon', 'Viktor', 'Jhin', 'Mel']","['Chogath', 'Volibear', 'Kassadin', 'Senna', 'Lux']",1.0
NA1_5308135924,"['Camille', 'Viego', 'Viktor', 'Corki', 'Lulu']","['KSante', 'Khazix', 'Orianna', 'Draven', 'Zyra']",0.0
NA1_5308109553,"['Aatrox', 'Pantheon', 'Corki', 'Seraphine', 'Sona']","['Ryze', 'Viego', 'Syndra', 'Ezreal', 'Aurora']",0.0
NA1_5308087006,"['Renekton', 'Diana', 'Viktor', 'Sivir', 'Yuumi']","['Aatrox', 'Zed', 'Camille', 'Ezreal', 'Maokai']",1.0
NA1_5308038537,"['Jax', 'Khazix', 'Malzahar', 'Aphelios', 'Thresh']","['Fiora', 'JarvanIV', 'Lux', 'Ashe', 'Bard']",0.0
NA1_5308014773,"['DrMundo', 'Pantheon', 'Malzahar', 'Draven', 'Galio']","['Yone', 'Elise', 'Corki', 'Varus', 'Zilean']",1.0
NA1_5307491129,"['Malphite', 'Heimerdinger', 'Leblanc', 'Zeri', 'Bard']","['Riven', 'Viego', 'Syndra', 'Jinx', 'Milio']",1.0
NA1_5307463921,"['Riven', 'LeeSin', 'Azir', 'Jinx', 'Janna']","['Ornn', 'Kindred', 'Akali', 'Yone', 'Veigar']",0.0
NA1_5307429339,"['Sion', 'Udyr', 'Viktor', 'Tristana', 'Taric']","['Olaf', 'Teemo', 'Yone', 'Jinx', 'Thresh']",1.0
NA1_5307398528,"['Darius', 'Sejuani', 'Viktor', 'Samira', 'Nautilus']","['Aatrox', 'Volibear', 'Camille', 'Aphelios', 'Bard']",0.0
NA1_5307388696,"['Gragas', 'Graves', 'Viktor', 'Kaisa', 'TahmKench']","['KSante', 'Briar', 'Ryze', 'Samira', 'Nautilus']",0.0
NA1_5307367839,"['Trundle', 'Viego', 'Viktor', 'Jhin', 'Braum']","['Sion', 'Khazix', 'Akali', 'Ezreal', 'Lulu']",0.0
NA1_5307342860,"['Malphite', 'Nocturne', 'Azir', 'Lucian', 'Thresh']","['Ambessa', 'Khazix', 'Lux', 'Ashe', 'Yuumi']",0.0
NA1_5307324075,"['DrMundo', 'Ekko', 'Naafiri', 'Lucian', 'Thresh']","['Fiora', 'Graves', 'Galio', 'Tristana', 'Braum']",1.0
NA1_5307306727,"['Malphite', 'Graves', 'Taliyah', 'Tristana', 'Thresh']","['Yone', 'Evelynn', 'Quinn', 'Lucian', 'Mel']",0.0
NA1_5307283387,"['Teemo', 'Hecarim', 'Ahri', 'Senna', 'Janna']","['Fiora', 'LeeSin', 'Ivern', 'Xayah', 'Karma']",1.0
NA1_5307263789,"['Urgot', 'Jax', 'Viktor', 'Caitlyn', 'Nami']","['Riven', 'Briar', 'Lux', 'Smolder', 'Senna']",0.0
NA1_5306862182,"['Gnar', 'Khazix', 'Azir', 'Ezreal', 'Rakan']","['Sett', 'Shyvana', 'Leblanc', 'Senna', 'Karma']",1.0
NA1_5306835826,"['Urgot', 'Khazix', 'Viktor', 'Tristana', 'Galio']","['Pantheon', 'Diana', 'Jayce', 'Sivir', 'Nautilus']",1.0
NA1_5306807016,"['Warwick', 'Volibear', 'Mel', 'Nilah', 'Renata']","['Mordekaiser', 'Zed', 'Quinn', 'Corki', 'Zoe']",1.0
NA1_5306760532,"['DrMundo', 'Diana', 'Viktor', 'Lucian', 'Nami']","['Jayce', 'Zyra', 'Yasuo', 'Sivir', 'Pyke']",1.0
NA1_5306732618,"['Kled', 'Volibear', 'Viktor', 'Senna', 'Janna']","['DrMundo', 'FiddleSticks', 'AurelionSol', 'Sivir', 'Bard']",1.0
NA1_5306725611,"['Cassiopeia', 'Rammus', 'Ahri', 'Xayah', 'Bard']","['Vladimir', 'Nocturne', 'Riven', 'Varus', 'Swain']",1.0
NA1_5306703848,"['Ornn', 'Gwen', 'Viktor', 'Aphelios', 'Sona']","['Sion', 'Nocturne', 'Tristana', 'Taliyah', 'FiddleSticks']",1.0
NA1_5306672338,"['Jax', 'Diana', 'Khazix', 'Mel', 'Alistar']","['Poppy', 'Nocturne', 'Malzahar', 'Sivir', 'Yuumi']",0.0
NA1_5306648574,"['Camille', 'Nunu', 'Viktor', 'Corki', 'Karma']","['Ambessa', 'Hecarim', 'Syndra', 'Sivir', 'Kayle']",1.0
NA1_5306625487,"['Kayle', 'Udyr', 'Lux', 'Kindred', 'Thresh']","['Irelia', 'Warwick', 'Viktor', 'Senna', 'FiddleSticks']",1.0
NA1_5306603431,"['Gangplank', 'Rammus', 'Viktor', 'Kaisa', 'Alistar']","['Tryndamere', 'MonkeyKing', 'Ekko', 'Yasuo', 'FiddleSticks']",1.0
NA1_5306587262,"['Garen', 'LeeSin', 'Azir', 'Kaisa', 'Lulu']","['Camille', 'Nasus', 'Katarina', 'Smolder', 'FiddleSticks']",0.0
NA1_5306568581,"['Nasus', 'Taliyah', 'Azir', 'Nilah', 'Yuumi']","['Camille', 'Elise', 'Akali', 'MissFortune', 'Braum']",0.0
NA1_5306553295,"['Gragas', 'XinZhao', 'Viktor', 'Xayah', 'Karma']","['Olaf', 'FiddleSticks', 'Jayce', 'Twitch', 'Milio']",1.0
NA1_5306531661,"['Illaoi', 'Graves', 'Azir', 'Tristana', 'Neeko']","['Sett', 'MonkeyKing', 'Lux', 'Kaisa', 'Nautilus']",0.0
NA1_5306518291,"['Katarina', 'Pantheon', 'Tristana', 'Zyra', 'Bard']","['Teemo', 'MasterYi', 'Renekton', 'Varus', 'Janna']",1.0
NA1_5306290181,"['Sylas', 'Ekko', 'Qiyana', 'Kaisa', 'Senna']","['Riven', 'Karthus', 'Malphite', 'Vayne', 'Lulu']",1.0
NA1_5306264814,"['Yone', 'Kindred', 'Viktor', 'Zeri', 'Alistar']","['Sett', 'Udyr', 'Sylas', 'Lucian', 'Yuumi']",0.0
NA1_5306233480,"['Sion', 'Naafiri', 'Azir', 'Tristana', 'Nami']","['Yone', 'Hecarim', 'Sylas', 'Ashe', 'Milio']",1.0
NA1_5306209774,"['Ornn', 'LeeSin', 'Azir', 'Vayne', 'Lulu']","['Ambessa', 'Volibear', 'Vladimir', 'Jinx', 'Karma']",1.0
NA1_5306173272,"['Garen', 'Lillia', 'Veigar', 'Jhin', 'Morgana']","['Sejuani', 'Gwen', 'Ryze', 'Ezreal', 'Galio']",1.0
NA1_5306138828,"['Gnar', 'Kindred', 'Viktor', 'Kaisa', 'Shen']","['Rumble', 'MonkeyKing', 'Vladimir', 'Sivir', 'Braum']",0.0
NA1_5306101298,"['Camille', 'Briar', 'Taliyah', 'Lux', 'Poppy']","['Udyr', 'Talon', 'Smolder', 'Caitlyn', 'Karma']",1.0
NA1_5306073048,"['Fiora', 'Graves', 'Azir', 'Jhin', 'Nami']","['MonkeyKing', 'Diana', 'Sylas', 'Ezreal', 'Alistar']",0.0
NA1_5306056750,"['Maokai', 'Talon', 'Viktor', 'Lucian', 'Nami']","['Olaf', 'Graves', 'Akshan', 'Kaisa', 'Lulu']",1.0
NA1_5306023192,"['Rumble', 'Nocturne', 'Orianna', 'Varus', 'Janna']","['Renekton', 'JarvanIV', 'Gragas', 'Jhin', 'Sona']",0.0
NA1_5306000131,"['Udyr', 'Hecarim', 'Sylas', 'Lucian', 'Sona']","['Renekton', 'Talon', 'Taliyah', 'Xayah', 'Nami']",0.0
NA1_5305978790,"['Irelia', 'Zac', 'Azir', 'Smolder', 'Soraka']","['Gnar', 'Shaco', 'Sylas', 'Caitlyn', 'Lux']",1.0
NA1_5305961821,"['Shen', 'Diana', 'Viktor', 'Vayne', 'Leona']","['Camille', 'Pantheon', 'Ziggs', 'Aphelios', 'Sona']",1.0
NA1_5305942801,"['Vayne', 'Diana', 'Zoe', 'Sivir', 'Pyke']","['Kayle', 'Trundle', 'Sylas', 'Jhin', 'Bard']",0.0
NA1_5305921026,"['Azir', 'Naafiri', 'Zed', 'Yasuo', 'Elise']","['DrMundo', 'Kindred', 'Ryze', 'Smolder', 'Lulu']",0.0
NA1_5305895728,"['Gnar', 'LeeSin', 'Taliyah', 'Tristana', 'Karma']","['Teemo', 'Zac', 'TwistedFate', 'Kaisa', 'Nami']",1.0
NA1_5305689268,"['Garen', 'Skarner', 'Taliyah', 'Hwei', 'Soraka']","['Ornn', 'Pantheon', 'Annie', 'Samira', 'Seraphine']",1.0
NA1_5305674652,"['Darius', 'Nidalee', 'Viktor', 'Senna', 'Pantheon']","['Garen', 'Volibear', 'Annie', 'Xayah', 'Zilean']",1.0
NA1_5305654618,"['DrMundo', 'Kayn', 'Viktor', 'Draven', 'Zyra']","['Pantheon', 'Graves', 'Katarina', 'Smolder', 'Lux']",1.0
NA1_5305630596,"['Pantheon', 'Sejuani', 'Azir', 'Ezreal', 'Zyra']","['Jax', 'Naafiri', 'Hwei', 'Xerath', 'Blitzcrank']",1.0
NA1_5305594453,"['Garen', 'Zed', 'Azir', 'Tristana', 'Braum']","['Shen', 'Hecarim', 'Xerath', 'Xayah', 'Milio']",1.0
NA1_5305565886,"['Yone', 'Hecarim', 'Azir', 'Kaisa', 'Soraka']","['Mordekaiser', 'Viego', 'Lissandra', 'Aphelios', 'Velkoz']",0.0
NA1_5305528621,"['KSante', 'LeeSin', 'Smolder', 'Lux', 'Janna']","['Riven', 'Briar', 'Velkoz', 'Corki', 'Sona']",0.0
NA1_5305504611,"['DrMundo', 'JarvanIV', 'Orianna', 'Sivir', 'Lulu']","['Quinn', 'Poppy', 'Lissandra', 'Jinx', 'Alistar']",1.0
NA1_5305475952,"['Riven', 'Kayn', 'Lissandra', 'Kaisa', 'Twitch']","['Garen', 'Rengar', 'Viktor', 'Vayne', 'Leona']",1.0
NA1_5305429624,"['Chogath', 'Hecarim', 'Azir', 'Jhin', 'Elise']","['Karma', 'Warwick', 'Xerath', 'Kaisa', 'Nami']",1.0
NA1_5305403406,"['Malphite', 'LeeSin', 'Azir', 'Caitlyn', 'Pyke']","['Jayce', 'Udyr', 'Qiyana', 'Ashe', 'Lulu']",0.0
NA1_5305369396,"['Chogath', 'XinZhao', 'Viktor', 'Sivir', 'Yuumi']","['Smolder', 'JarvanIV', 'Zed', 'Aphelios', 'Zilean']",1.0
NA1_5305355043,"['Camille', 'LeeSin', 'Viktor', 'Tristana', 'Zilean']","['Olaf', 'MonkeyKing', 'Syndra', 'Lucian', 'Morgana']",1.0
NA1_5305336411,"['Sett', 'MasterYi', 'Azir', 'Lucian', 'Braum']","['Aatrox', 'Shyvana', 'Leblanc', 'Jhin', 'Zyra']",1.0
NA1_5314907061,"['Urgot', 'Vi', 'TwistedFate', 'Sivir', 'Rell']","['Sett', 'DrMundo', 'Yone', 'Lux', 'Pyke']",1.0
NA1_5314870859,"['Aurora', 'Hecarim', 'Viktor', 'MissFortune', 'Leona']","['Yone', 'Elise', 'Garen', 'Aphelios', 'Braum']",0.0
NA1_5314842715,"['Sett', 'Pantheon', 'Viktor', 'Aphelios', 'Lulu']","['Vladimir', 'DrMundo', 'Qiyana', 'Ezreal', 'Rammus']",0.0
NA1_5314818161,"['DrMundo', 'Evelynn', 'Viktor', 'Ezreal', 'Rakan']","['Ryze', 'Rengar', 'Yone', 'Lucian', 'Nami']",0.0
NA1_5314792929,"['Kayle', 'Hecarim', 'Seraphine', 'Aphelios', 'TahmKench']","['Darius', 'Lillia', 'Azir', 'Draven', 'Galio']",1.0
NA1_5314761950,"['Sejuani', 'Khazix', 'Orianna', 'Ashe', 'Seraphine']","['Pantheon', 'Ivern', 'Diana', 'Twitch', 'Karma']",0.0
NA1_5314730908,"['Gangplank', 'JarvanIV', 'Orianna', 'Kalista', 'Rell']","['Riven', 'MasterYi', 'Ahri', 'Lucian', 'Braum']",1.0
NA1_5314711955,"['Gwen', 'Rengar', 'Orianna', 'Ezreal', 'Rakan']","['RekSai', 'MasterYi', 'Hwei', 'Kaisa', 'Karma']",1.0
NA1_5314686309,"['Fiora', 'LeeSin', 'TwistedFate', 'Kaisa', 'Rell']","['RekSai', 'Gragas', 'Yasuo', 'Jhin', 'Zoe']",0.0
NA1_5314675869,"['DrMundo', 'Viego', 'Viktor', 'Zeri', 'Lulu']","['Zac', 'Khazix', 'Syndra', 'Yasuo', 'Sejuani']",0.0
NA1_5314652136,"['Camille', 'Ekko', 'Viktor', 'Kaisa', 'Leona']","['Jayce', 'Nunu', 'Akali', 'Smolder', 'Lulu']",0.0
NA1_5314635097,"['Aatrox', 'Viego', 'TwistedFate', 'Sivir', 'Rakan']","['Jayce', 'Ekko', 'Katarina', 'Xayah', 'Galio']",0.0
NA1_5314333126,"['Aatrox', 'Khazix', 'TwistedFate', 'Vayne', 'Soraka']","['Ambessa', 'FiddleSticks', 'Briar', 'Varus', 'Nautilus']",0.0
NA1_5314303758,"['Pantheon', 'Volibear', 'TwistedFate', 'MissFortune', 'Nami']","['Karma', 'Kindred', 'Lissandra', 'Senna', 'Nautilus']",0.0
NA1_5314265708,"['Gangplank', 'Hecarim', 'Viktor', 'Olaf', 'Bard']","['Zac', 'Trundle', 'Ekko', 'Vayne', 'Nami']",0.0
NA1_5314246741,"['Camille', 'Nocturne', 'TwistedFate', 'Zeri', 'Rakan']","['Ambessa', 'Talon', 'Nunu', 'Lucian', 'Milio']",0.0
NA1_5314206667,"['Gwen', 'LeeSin', 'Viktor', 'MissFortune', 'Rakan']","['DrMundo', 'Zed', 'Hwei', 'Karthus', 'TahmKench']",1.0
NA1_5314174554,"['Leblanc', 'LeeSin', 'TwistedFate', 'Aphelios', 'Braum']","['Irelia', 'JarvanIV', 'AurelionSol', 'Kaisa', 'Nautilus']",0.0
NA1_5314146239,"['Sion', 'Nidalee', 'Ryze', 'Ezreal', 'Janna']","['Gwen', 'Viego', 'Fizz', 'Kaisa', 'Rell']",1.0
NA1_5314112171,"['Trundle', 'Volibear', 'Aurora', 'Ezreal', 'Janna']","['Poppy', 'LeeSin', 'Akali', 'Ziggs', 'Bard']",0.0
NA1_5314084769,"['Volibear', 'MonkeyKing', 'TwistedFate', 'Jhin', 'Sona']","['Garen', 'Viego', 'Azir', 'Zeri', 'Yuumi']",1.0
NA1_5314067847,"['Jayce', 'LeeSin', 'Viktor', 'Tristana', 'Shen']","['Fiora', 'Nidalee', 'Akali', 'Zeri', 'Rell']",1.0
NA1_5314046870,"['TwistedFate', 'Poppy', 'Ahri', 'Lucian', 'Yuumi']","['Sett', 'Belveth', 'Hwei', 'Smolder', 'Thresh']",1.0
NA1_5314029304,"['Gnar', 'Briar', 'TwistedFate', 'Corki', 'Leblanc']","['Maokai', 'LeeSin', 'Ekko', 'Draven', 'Leona']",1.0
NA1_5314007967,"['Gangplank', 'LeeSin', 'Viktor', 'Aphelios', 'Lulu']","['Illaoi', 'Talon', 'Xerath', 'Caitlyn', 'Bard']",1.0
NA1_5313990184,"['Gangplank', 'Talon', 'TwistedFate', 'Jinx', 'Nunu']","['Irelia', 'Diana', 'Akali', 'Kaisa', 'Neeko']",1.0
NA1_5313974545,"['DrMundo', 'Pantheon', 'Morgana', 'Jinx', 'Sona']","['Camille', 'LeeSin', 'Syndra', 'Lux', 'Seraphine']",0.0
NA1_5313786736,"['Warwick', 'Kayn', 'TwistedFate', 'Seraphine', 'Sona']","['Nidalee', 'Garen', 'Kassadin', 'Kaisa', 'Nautilus']",1.0
NA1_5313770914,"['Kennen', 'Viego', 'TwistedFate', 'Corki', 'Pyke']","['Jayce', 'Poppy', 'Ahri', 'Zyra', 'Karma']",1.0
NA1_5313747934,"['Singed', 'Zed', 'TwistedFate', 'Jinx', 'Thresh']","['Fiora', 'JarvanIV', 'Galio', 'Varus', 'Shaco']",0.0
NA1_5313718669,"['Akali', 'XinZhao', 'TwistedFate', 'Aphelios', 'Maokai']","['Jax', 'Gwen', 'Syndra', 'MissFortune', 'Sona']",1.0
NA1_5313698733,"['DrMundo', 'XinZhao', 'Aurora', 'Aphelios', 'Thresh']","['Gwen', 'MasterYi', 'Katarina', 'Zeri', 'Lulu']",1.0
NA1_5313670906,"['Shen', 'Ambessa', 'TwistedFate', 'Lucian', 'Bard']","['Darius', 'Teemo', 'Galio', 'Samira', 'Nautilus']",0.0
NA1_5313629032,"['DrMundo', 'Shaco', 'Gragas', 'Sivir', 'Nautilus']","['Ambessa', 'Qiyana', 'Zac', 'Hwei', 'Bard']",0.0
NA1_5313607341,"['DrMundo', 'RekSai', 'TwistedFate', 'Aphelios', 'Blitzcrank']","['Yorick', 'Udyr', 'Taliyah', 'Ashe', 'Lulu']",0.0
NA1_5313585707,"['Zoe', 'Rengar', 'DrMundo', 'Lucian', 'Thresh']","['Ambessa', 'RekSai', 'Veigar', 'Ezreal', 'Sona']",1.0
NA1_5313568829,"['Teemo', 'Volibear', 'TwistedFate', 'Corki', 'Pyke']","['Fiora', 'Graves', 'Anivia', 'Karthus', 'Nautilus']",0.0
NA1_5313542124,"['Yone', 'Udyr', 'TwistedFate', 'Corki', 'Karma']","['Ambessa', 'Naafiri', 'Orianna', 'Sivir', 'Janna']",1.0
NA1_5313517935,"['DrMundo', 'Evelynn', 'Azir', 'Senna', 'Elise']","['Jax', 'Kayn', 'Sylas', 'Sivir', 'Yuumi']",1.0
NA1_5313486796,"['Gnar', 'Ivern', 'TwistedFate', 'Jhin', 'Zyra']","['KSante', 'Graves', 'Ahri', 'Senna', 'Rell']",1.0
NA1_5313462035,"['DrMundo', 'Ekko', 'Akshan', 'Lux', 'Lulu']","['Mel', 'Pantheon', 'Aurora', 'Vayne', 'Camille']",1.0
NA1_5313441354,"['Singed', 'Zed', 'TwistedFate', 'Smolder', 'Blitzcrank']","['Jax', 'Hecarim', 'Azir', 'Aphelios', 'Karma']",1.0
NA1_5313423595,"['Galio', 'MonkeyKing', 'TwistedFate', 'Zeri', 'Yuumi']","['Gragas', 'Vi', 'Mel', 'Jhin', 'Nami']",0.0
NA1_5312605669,"['Kled', 'Pantheon', 'TwistedFate', 'Nilah', 'Bard']","['Mordekaiser', 'Udyr', 'Sylas', 'Yasuo', 'Camille']",1.0
NA1_5312584693,"['DrMundo', 'JarvanIV', 'TwistedFate', 'KogMaw', 'Yuumi']","['Riven', 'Diana', 'Karma', 'Aphelios', 'Lulu']",0.0
NA1_5312568823,"['DrMundo', 'MasterYi', 'Seraphine', 'MissFortune', 'Nautilus']","['Sett', 'Karthus', 'Jax', 'Jhin', 'Janna']",1.0
NA1_5312540086,"['DrMundo', 'Kayn', 'Akali', 'Lucian', 'Nautilus']","['Aatrox', 'JarvanIV', 'Akshan', 'Kaisa', 'Braum']",1.0
NA1_5312512194,"['Aatrox', 'Jax', 'TwistedFate', 'Zeri', 'Bard']","['Sett', 'Graves', 'Sylas', 'Kaisa', 'Thresh']",0.0
NA1_5312481513,"['Fiora', 'JarvanIV', 'Zoe', 'Ashe', 'Karma']","['Gnar', 'Viego', 'Zed', 'Seraphine', 'Thresh']",0.0
NA1_5312452039,"['Vayne', 'Belveth', 'Orianna', 'Lux', 'Alistar']","['Nidalee', 'Viego', 'Ryze', 'Senna', 'Thresh']",0.0
NA1_5312424577,"['Volibear', 'Ekko', 'Teemo', 'Corki', 'Milio']","['Akali', 'Viego', 'Hwei', 'Jhin', 'Thresh']",0.0
NA1_5312397070,"['Yorick', 'LeeSin', 'Viktor', 'Zeri', 'Rakan']","['Viego', 'XinZhao', 'Syndra', 'Kaisa', 'Seraphine']",0.0
NA1_5312368619,"['Malphite', 'RekSai', 'TwistedFate', 'Sivir', 'Nami']","['Ambessa', 'Ekko', 'Mel', 'MissFortune', 'Soraka']",0.0
NA1_5312339258,"['DrMundo', 'Pantheon', 'Karthus', 'Corki', 'Karma']","['Kindred', 'Morgana', 'Azir', 'Akshan', 'Milio']",0.0
NA1_5312314366,"['Sett', 'Ekko', 'TwistedFate', 'Zeri', 'Karma']","['Irelia', 'Lillia', 'Kindred', 'Lux', 'Alistar']",1.0
NA1_5312293748,"['Vladimir', 'Kayn', 'TwistedFate', 'Lucian', 'Milio']","['Garen', 'Gwen', 'Azir', 'Tristana', 'Bard']",1.0
NA1_5312265515,"['Yorick', 'Naafiri', 'Orianna', 'Lucian', 'Nami']","['Heimerdinger', 'Viego', 'Viktor', 'Irelia', 'Karma']",0.0
NA1_5312243682,"['Jax', 'Naafiri', 'Viktor', 'Kaisa', 'Leblanc']","['Yone', 'Viego', 'Sylas', 'Ezreal', 'Bard']",1.0
NA1_5312225465,"['Kayle', 'LeeSin', 'TwistedFate', 'Aphelios', 'Poppy']","['DrMundo', 'Graves', 'Katarina', 'Hwei', 'Alistar']",1.0
NA1_5311928549,"['DrMundo', 'Ivern', 'Viktor', 'Zeri', 'Rell']","['Ornn', 'MasterYi', 'Akshan', 'Mel', 'Nami']",1.0
NA1_5311900692,"['Renekton', 'Hecarim', 'Azir', 'Ezreal', 'Poppy']","['Jayce', 'Pantheon', 'Sylas', 'Tristana', 'Rell']",0.0
NA1_5311874874,"['Camille', 'Diana', 'Viktor', 'Ashe', 'Braum']","['Urgot', 'Khazix', 'Kayle', 'Sivir', 'Zilean']",1.0
NA1_5311847514,"['DrMundo', 'Rengar', 'Katarina', 'Aphelios', 'Soraka']","['Urgot', 'Shaco', 'Ahri', 'Lucian', 'Elise']",1.0
NA1_5311822076,"['Jax', 'Zac', 'TwistedFate', 'Kaisa', 'Pyke']","['Ornn', 'Viego', 'Hwei', 'Ezreal', 'Janna']",0.0
NA1_5311794552,"['Ornn', 'FiddleSticks', 'TwistedFate', 'Twitch', 'Senna']","['Kled', 'Yorick', 'Veigar', 'Sivir', 'Janna']",0.0
NA1_5311768285,"['Urgot', 'Warwick', 'Veigar', 'Ezreal', 'Bard']","['DrMundo', 'Udyr', 'Hwei', 'Kalista', 'Renata']",0.0
NA1_5311744993,"['Urgot', 'Yorick', 'TwistedFate', 'Zeri', 'Lulu']","['Aatrox', 'Graves', 'Zed', 'Mel', 'Rakan']",1.0
NA1_5311721455,"['DrMundo', 'Khazix', 'Yasuo', 'Tristana', 'Nunu']","['Aatrox', 'Udyr', 'Jayce', 'Mel', 'Janna']",1.0
NA1_5311700140,"['Sett', 'Zed', 'TwistedFate', 'Sivir', 'Alistar']","['Mordekaiser', 'Talon', 'Ekko', 'Samira', 'Leona']",0.0
NA1_5311680290,"['Gnar', 'Nunu', 'TwistedFate', 'Jinx', 'Sona']","['Renekton', 'Kayn', 'Galio', 'MissFortune', 'Milio']",1.0
NA1_5311659973,"['DrMundo', 'Viego', 'TwistedFate', 'Sivir', 'Soraka']","['Ornn', 'Ekko', 'Yasuo', 'Zeri', 'Bard']",1.0
NA1_5311632761,"['Nasus', 'DrMundo', 'Orianna', 'Ezreal', 'Thresh']","['Fiora', 'Kayn', 'Sylas', 'Tristana', 'Nautilus']",1.0
NA1_5311610718,"['Jayce', 'Zac', 'TwistedFate', 'Aphelios', 'Braum']","['Aatrox', 'Ekko', 'Yasuo', 'Ezreal', 'Sylas']",1.0
NA1_5311590662,"['Sion', 'Hecarim', 'TwistedFate', 'Aphelios', 'Sona']","['KSante', 'Nunu', 'Syndra', 'Yasuo', 'Nami']",0.0
NA1_5311575312,"['Jayce', 'Warwick', 'TwistedFate', 'Draven', 'Nautilus']","['Urgot', 'JarvanIV', 'AurelionSol', 'Corki', 'Lulu']",1.0
NA1_5311257006,"['Yone', 'Talon', 'Syndra', 'Jhin', 'TwistedFate']","['Riven', 'LeeSin', 'Sylas', 'Seraphine', 'Janna']",1.0
NA1_5311227228,"['Sett', 'Rengar', 'TwistedFate', 'Tristana', 'Yuumi']","['Gwen', 'LeeSin', 'Akali', 'MissFortune', 'Nautilus']",0.0
NA1_5311203254,"['Volibear', 'Udyr', 'TwistedFate', 'Ezreal', 'Soraka']","['Gwen', 'Zed', 'Yone', 'Lux', 'Ashe']",0.0
NA1_5311170342,"['Ambessa', 'Viego', 'TwistedFate', 'Ekko', 'Nautilus']","['Kindred', 'Zac', 'Galio', 'Varus', 'Elise']",1.0
NA1_5311141585,"['Malphite', 'MasterYi', 'TwistedFate', 'Tristana', 'Leona']","['Camille', 'Viego', 'Zed', 'Malzahar', 'Renata']",1.0
NA1_5311116625,"['Camille', 'Hecarim', 'TwistedFate', 'Ezreal', 'Nami']","['Renekton', 'Shaco', 'Taliyah', 'Jhin', 'Thresh']",0.0
NA1_5311093043,"['Vladimir', 'Hecarim', 'TwistedFate', 'Senna', 'Alistar']","['Sylas', 'LeeSin', 'Kayle', 'Lucian', 'JarvanIV']",1.0
NA1_5311069610,"['Irelia', 'Yorick', 'TwistedFate', 'Vayne', 'Milio']","['Chogath', 'Ekko', 'Yasuo', 'MissFortune', 'Nidalee']",1.0
NA1_5311049753,"['DrMundo', 'Elise', 'Nunu', 'Jhin', 'Pyke']","['Renekton', 'Sejuani', 'Vladimir', 'Akshan', 'Morgana']",1.0
NA1_5311023309,"['Singed', 'Nocturne', 'Viktor', 'Jhin', 'Brand']","['Renekton', 'DrMundo', 'Xerath', 'Sivir', 'Alistar']",0.0
NA1_5311004913,"['Fiora', 'Ekko', 'TwistedFate', 'Jinx', 'Nidalee']","['Garen', 'Warwick', 'Leblanc', 'MissFortune', 'Thresh']",0.0
NA1_5310986350,"['Fiora', 'Qiyana', 'Viktor', 'Samira', 'Nautilus']","['Poppy', 'Nocturne', 'Ryze', 'Xayah', 'Lulu']",1.0
NA1_5310976146,"['Kled', 'Hecarim', 'TwistedFate', 'Ezreal', 'Zilean']","['Ambessa', 'Nocturne', 'Sylas', 'Aphelios', 'Janna']",1.0
NA1_5310958473,"['DrMundo', 'Talon', 'Sylas', 'Aphelios', 'Thresh']","['Fiora', 'Hecarim', 'TwistedFate', 'Lucian', 'Nami']",0.0
NA1_5310946873,"['Poppy', 'Ekko', 'Cassiopeia', 'MissFortune', 'Pyke']","['Ambessa', 'Vi', 'Orianna', 'Twitch', 'Yuumi']",0.0
NA1_5310930019,"['Vladimir', 'LeeSin', 'TwistedFate', 'Nilah', 'Shaco']","['Yasuo', 'Pantheon', 'Talon', 'Varus', 'Lulu']",1.0
NA1_5310911470,"['DrMundo', 'FiddleSticks', 'Lux', 'Ezreal', 'Nautilus']","['Shen', 'Volibear', 'Brand', 'Senna', 'Alistar']",1.0
NA1_5310632347,"['DrMundo', 'XinZhao', 'Zoe', 'Karthus', 'Rell']","['Akali', 'Rengar', 'Ahri', 'Vayne', 'Pantheon']",1.0
